,query,NF,preference_type,MOO_method,model_selection,model_ordering,num_pred,opt_acc,opt_cost,opt_mem,comp_time,work,output_flag,actual_cost,actual_f1
0,( person & car ),CNF,"['memory_norm', 'cost_norm', 'acc_loss_norm']",weighted_sum,"{'person': 'model_16', 'car': 'model_16'}","['person', 'car']",2,0.995138,18,142909075,10.99967957,0.004553574,2,18,0.854
1,( person & car ),CNF,"['memory_norm', 'acc_loss_norm', 'cost_norm']",weighted_sum,"{'person': 'model_46', 'car': 'model_46'}","['person', 'car']",2,0.982018,16,44347377,10.00094414,0.004542289,2,16,0.704
2,( person & car ),CNF,"['cost_norm', 'memory_norm', 'acc_loss_norm']",weighted_sum,"{'person': 'model_46', 'car': 'model_46'}","['person', 'car']",2,0.982018,16,44347377,11.03496552,0.004535256,2,16,0.704
3,( person & car ),CNF,"['cost_norm', 'acc_loss_norm', 'memory_norm']",weighted_sum,"{'person': 'model_46', 'car': 'model_46'}","['person', 'car']",2,0.982018,16,44347377,10.99872589,0.004535463,2,16,0.704
4,( person & car ),CNF,"['acc_loss_norm', 'cost_norm', 'memory_norm']",weighted_sum,"{'person': 'model_46', 'car': 'model_46'}","['person', 'car']",2,0.982018,16,44347377,10.01477242,0.004534543,2,16,0.704
5,( person & car ),CNF,"['acc_loss_norm', 'memory_norm', 'cost_norm']",weighted_sum,"{'person': 'model_46', 'car': 'model_46'}","['person', 'car']",2,0.982018,16,44347377,8.995056152,0.004322632,2,16,0.704
6,( person & car ),CNF,"['memory_norm', 'cost_norm', 'acc_loss_norm']",lexicographic,"{'person': 'model_6', 'car': 'model_6'}","['person', 'car']",2,0.995974,21,346926151,3.001213074,0.000421771,2,21,0.859
7,( person & car ),CNF,"['memory_norm', 'acc_loss_norm', 'cost_norm']",lexicographic,"{'person': 'model_46', 'car': 'model_46'}","['person', 'car']",2,0.982018,16,44347377,0.999450684,0.000104655,2,16,0.704
8,( person & car ),CNF,"['cost_norm', 'memory_norm', 'acc_loss_norm']",lexicographic,"{'person': 'model_6', 'car': 'model_6'}","['person', 'car']",2,0.995974,21,346926151,1.000165939,0.000421763,2,21,0.859
9,( person & car ),CNF,"['cost_norm', 'acc_loss_norm', 'memory_norm']",lexicographic,"{'person': 'model_46', 'car': 'model_46'}","['person', 'car']",2,0.982018,16,44347377,1.034259796,0.000104655,2,16,0.704
10,( person & car ),CNF,"['acc_loss_norm', 'cost_norm', 'memory_norm']",lexicographic,"{'person': 'model_46', 'car': 'model_46'}","['person', 'car']",2,0.982018,16,44347377,0.998973846,0.000263525,2,16,0.704
11,( person & car ),CNF,"['acc_loss_norm', 'memory_norm', 'cost_norm']",lexicographic,"{'person': 'model_46', 'car': 'model_46'}","['person', 'car']",2,0.982018,16,44347377,0.996351242,0.000263525,2,16,0.704
12,( person & car ),CNF,"['memory_norm', 'cost_norm', 'acc_loss_norm']",weighted_min_max,"{'person': 'model_16', 'car': 'model_16'}","['person', 'car']",2,0.995138,18,142909075,11.96694374,0.003723148,2,18,0.854
13,( person & car ),CNF,"['memory_norm', 'acc_loss_norm', 'cost_norm']",weighted_min_max,"{'person': 'model_16', 'car': 'model_16'}","['person', 'car']",2,0.995138,18,142909075,11.95120811,0.003444627,2,18,0.854
14,( person & car ),CNF,"['cost_norm', 'memory_norm', 'acc_loss_norm']",weighted_min_max,"{'person': 'model_16', 'car': 'model_16'}","['person', 'car']",2,0.995138,18,142909075,14.96815681,0.004767454,2,18,0.854
15,( person & car ),CNF,"['cost_norm', 'acc_loss_norm', 'memory_norm']",weighted_min_max,"{'person': 'model_46', 'car': 'model_46'}","['person', 'car']",2,0.982018,16,44347377,12.01272011,0.004872115,2,16,0.704
16,( person & car ),CNF,"['acc_loss_norm', 'cost_norm', 'memory_norm']",weighted_min_max,"{'person': 'model_46', 'car': 'model_46'}","['person', 'car']",2,0.982018,16,44347377,12.99953461,0.004388137,2,16,0.704
17,( person & car ),CNF,"['acc_loss_norm', 'memory_norm', 'cost_norm']",weighted_min_max,"{'person': 'model_46', 'car': 'model_46'}","['person', 'car']",2,0.982018,16,44347377,11.00039482,0.003496002,2,16,0.704
18,( person & car ),CNF,"['memory_norm', 'cost_norm', 'acc_loss_norm']",greedy_MOO,"{'person': 'model_46', 'car': 'model_46'}","['person', 'car']",2,0.982018,16,44347377,6.000041962,0.003505731,2,16,0.704
19,( person & car ),CNF,"['memory_norm', 'acc_loss_norm', 'cost_norm']",greedy_MOO,"{'person': 'model_46', 'car': 'model_46'}","['person', 'car']",2,0.982018,16,44347377,6.968259811,0.003505731,2,16,0.704
20,( person & car ),CNF,"['cost_norm', 'memory_norm', 'acc_loss_norm']",greedy_MOO,"{'person': 'model_46', 'car': 'model_46'}","['person', 'car']",2,0.982018,16,44347377,5.972146988,0.003505731,2,16,0.704
21,( person & car ),CNF,"['cost_norm', 'acc_loss_norm', 'memory_norm']",greedy_MOO,"{'person': 'model_46', 'car': 'model_46'}","['person', 'car']",2,0.982018,16,44347377,6.960630417,0.003505731,2,16,0.704
22,( person & car ),CNF,"['acc_loss_norm', 'cost_norm', 'memory_norm']",greedy_MOO,"{'person': 'model_46', 'car': 'model_46'}","['person', 'car']",2,0.982018,16,44347377,6.999492645,0.003505731,2,16,0.704
23,( person & car ),CNF,"['acc_loss_norm', 'memory_norm', 'cost_norm']",greedy_MOO,"{'person': 'model_46', 'car': 'model_46'}","['person', 'car']",2,0.982018,16,44347377,6.996870041,0.003505731,2,16,0.704
24,( bottle | tv ) & ( chair ),CNF,"['memory_norm', 'cost_norm', 'acc_loss_norm']",weighted_sum,"{'bottle': 'model_16', 'tv': 'model_16', 'chair': 'model_16'}","['bottle', 'tv', 'chair']",3,0.794581216,18,142909075,13.00311089,0.006749657,2,18,0.745
25,( bottle | tv ) & ( chair ),CNF,"['memory_norm', 'acc_loss_norm', 'cost_norm']",weighted_sum,"{'bottle': 'model_16', 'tv': 'model_16', 'chair': 'model_16'}","['bottle', 'tv', 'chair']",3,0.794581216,18,142909075,14.9679184,0.00744484,2,18,0.745
26,( bottle | tv ) & ( chair ),CNF,"['cost_norm', 'memory_norm', 'acc_loss_norm']",weighted_sum,"{'bottle': 'model_16', 'tv': 'model_16', 'chair': 'model_16'}","['bottle', 'tv', 'chair']",3,0.794581216,18,142909075,13.99588585,0.007429351,2,18,0.745
27,( bottle | tv ) & ( chair ),CNF,"['cost_norm', 'acc_loss_norm', 'memory_norm']",weighted_sum,"{'bottle': 'model_16', 'tv': 'model_16', 'chair': 'model_16'}","['bottle', 'tv', 'chair']",3,0.794581216,18,142909075,13.00096512,0.007291799,2,18,0.745
28,( bottle | tv ) & ( chair ),CNF,"['acc_loss_norm', 'cost_norm', 'memory_norm']",weighted_sum,"{'bottle': 'model_46', 'tv': 'model_46', 'chair': 'model_46'}","['bottle', 'tv', 'chair']",3,0.604484608,16,44347377,13.9605999,0.007456224,2,16,0.069
29,( bottle | tv ) & ( chair ),CNF,"['acc_loss_norm', 'memory_norm', 'cost_norm']",weighted_sum,"{'bottle': 'model_46', 'tv': 'model_46', 'chair': 'model_46'}","['bottle', 'tv', 'chair']",3,0.604484608,16,44347377,15.99645615,0.007491815,2,16,0.069
30,( bottle | tv ) & ( chair ),CNF,"['memory_norm', 'cost_norm', 'acc_loss_norm']",lexicographic,"{'bottle': 'model_16', 'tv': 'model_11', 'chair': 'model_11'}","['bottle', 'tv', 'chair']",3,0.811774512,42,705967558,2.035617828,0.000868553,2,42,0.745
31,( bottle | tv ) & ( chair ),CNF,"['memory_norm', 'acc_loss_norm', 'cost_norm']",lexicographic,"{'bottle': 'model_46', 'tv': 'model_46', 'chair': 'model_46'}","['bottle', 'tv', 'chair']",3,0.604484608,16,44347377,0,0.000143466,2,16,0.069
32,( bottle | tv ) & ( chair ),CNF,"['cost_norm', 'memory_norm', 'acc_loss_norm']",lexicographic,"{'bottle': 'model_16', 'tv': 'model_11', 'chair': 'model_11'}","['bottle', 'tv', 'chair']",3,0.811774512,42,705967558,2.999782562,0.00087201,2,42,0.745
33,( bottle | tv ) & ( chair ),CNF,"['cost_norm', 'acc_loss_norm', 'memory_norm']",lexicographic,"{'bottle': 'model_46', 'tv': 'model_46', 'chair': 'model_46'}","['bottle', 'tv', 'chair']",3,0.604484608,16,44347377,0,0.000143466,2,16,0.069
34,( bottle | tv ) & ( chair ),CNF,"['acc_loss_norm', 'cost_norm', 'memory_norm']",lexicographic,"{'bottle': 'model_46', 'tv': 'model_46', 'chair': 'model_46'}","['bottle', 'tv', 'chair']",3,0.604484608,16,44347377,0,0.000361635,2,16,0.069
35,( bottle | tv ) & ( chair ),CNF,"['acc_loss_norm', 'memory_norm', 'cost_norm']",lexicographic,"{'bottle': 'model_46', 'tv': 'model_46', 'chair': 'model_46'}","['bottle', 'tv', 'chair']",3,0.604484608,16,44347377,0.98156929,0.000361635,2,16,0.069
36,( bottle | tv ) & ( chair ),CNF,"['memory_norm', 'cost_norm', 'acc_loss_norm']",weighted_min_max,"{'bottle': 'model_16', 'tv': 'model_16', 'chair': 'model_16'}","['bottle', 'tv', 'chair']",3,0.794581216,18,142909075,9.997844696,0.004740544,2,18,0.745
37,( bottle | tv ) & ( chair ),CNF,"['memory_norm', 'acc_loss_norm', 'cost_norm']",weighted_min_max,"{'bottle': 'model_16', 'tv': 'model_16', 'chair': 'model_16'}","['bottle', 'tv', 'chair']",3,0.794581216,18,142909075,9.999990463,0.004589258,2,18,0.745
38,( bottle | tv ) & ( chair ),CNF,"['cost_norm', 'memory_norm', 'acc_loss_norm']",weighted_min_max,"{'bottle': 'model_16', 'tv': 'model_16', 'chair': 'model_16'}","['bottle', 'tv', 'chair']",3,0.794581216,18,142909075,15.00058174,0.006205435,2,18,0.745
39,( bottle | tv ) & ( chair ),CNF,"['cost_norm', 'acc_loss_norm', 'memory_norm']",weighted_min_max,"{'bottle': 'model_16', 'tv': 'model_16', 'chair': 'model_16'}","['bottle', 'tv', 'chair']",3,0.794581216,18,142909075,16.96610451,0.00755347,2,18,0.745
40,( bottle | tv ) & ( chair ),CNF,"['acc_loss_norm', 'cost_norm', 'memory_norm']",weighted_min_max,"{'bottle': 'model_46', 'tv': 'model_46', 'chair': 'model_46'}","['bottle', 'tv', 'chair']",3,0.604484608,16,44347377,14.98675346,0.007534135,2,16,0.069
41,( bottle | tv ) & ( chair ),CNF,"['acc_loss_norm', 'memory_norm', 'cost_norm']",weighted_min_max,"{'bottle': 'model_16', 'tv': 'model_16', 'chair': 'model_16'}","['bottle', 'tv', 'chair']",3,0.794581216,18,142909075,16.96372032,0.005339592,2,18,0.745
42,( bottle | tv ) & ( chair ),CNF,"['memory_norm', 'cost_norm', 'acc_loss_norm']",greedy_MOO,"{'bottle': 'model_46', 'tv': 'model_46', 'chair': 'model_46'}","['bottle', 'tv', 'chair']",3,0.604484608,16,44347377,8.010149002,0.005373567,2,16,0.069
43,( bottle | tv ) & ( chair ),CNF,"['memory_norm', 'acc_loss_norm', 'cost_norm']",greedy_MOO,"{'bottle': 'model_46', 'tv': 'model_46', 'chair': 'model_46'}","['bottle', 'tv', 'chair']",3,0.604484608,16,44347377,7.997274399,0.005373567,2,16,0.069
44,( bottle | tv ) & ( chair ),CNF,"['cost_norm', 'memory_norm', 'acc_loss_norm']",greedy_MOO,"{'bottle': 'model_46', 'tv': 'model_46', 'chair': 'model_46'}","['bottle', 'tv', 'chair']",3,0.604484608,16,44347377,8.994817734,0.005373567,2,16,0.069
45,( bottle | tv ) & ( chair ),CNF,"['cost_norm', 'acc_loss_norm', 'memory_norm']",greedy_MOO,"{'bottle': 'model_46', 'tv': 'model_46', 'chair': 'model_46'}","['bottle', 'tv', 'chair']",3,0.604484608,16,44347377,9.003639221,0.005373567,2,16,0.069
46,( bottle | tv ) & ( chair ),CNF,"['acc_loss_norm', 'cost_norm', 'memory_norm']",greedy_MOO,"{'bottle': 'model_46', 'tv': 'model_46', 'chair': 'model_46'}","['bottle', 'tv', 'chair']",3,0.604484608,16,44347377,7.963418961,0.005373567,2,16,0.069
47,( bottle | tv ) & ( chair ),CNF,"['acc_loss_norm', 'memory_norm', 'cost_norm']",greedy_MOO,"{'bottle': 'model_46', 'tv': 'model_46', 'chair': 'model_46'}","['bottle', 'tv', 'chair']",3,0.604484608,16,44347377,8.000135422,0.005373567,2,16,0.069
48,( person | dog ) & ( dining_table | couch ),CNF,"['memory_norm', 'cost_norm', 'acc_loss_norm']",weighted_sum,"{'person': 'model_16', 'dog': 'model_16', 'dining_table': 'model_16', 'couch': 'model_16'}","['person', 'dog', 'dining_table', 'couch']",4,0.950309962,18,142909075,14.99724388,0.009434764,2,18,0.756
49,( person | dog ) & ( dining_table | couch ),CNF,"['memory_norm', 'acc_loss_norm', 'cost_norm']",weighted_sum,"{'person': 'model_16', 'dog': 'model_16', 'dining_table': 'model_16', 'couch': 'model_16'}","['person', 'dog', 'dining_table', 'couch']",4,0.950309962,18,142909075,16.96276665,0.009423295,2,18,0.756
50,( person | dog ) & ( dining_table | couch ),CNF,"['cost_norm', 'memory_norm', 'acc_loss_norm']",weighted_sum,"{'person': 'model_16', 'dog': 'model_16', 'dining_table': 'model_16', 'couch': 'model_16'}","['person', 'dog', 'dining_table', 'couch']",4,0.950309962,18,142909075,16.00170135,0.009423752,2,18,0.756
51,( person | dog ) & ( dining_table | couch ),CNF,"['cost_norm', 'acc_loss_norm', 'memory_norm']",weighted_sum,"{'person': 'model_16', 'dog': 'model_16', 'dining_table': 'model_16', 'couch': 'model_16'}","['person', 'dog', 'dining_table', 'couch']",4,0.950309962,18,142909075,14.00089264,0.00942343,2,18,0.756
52,( person | dog ) & ( dining_table | couch ),CNF,"['acc_loss_norm', 'cost_norm', 'memory_norm']",weighted_sum,"{'person': 'model_16', 'dog': 'model_16', 'dining_table': 'model_16', 'couch': 'model_16'}","['person', 'dog', 'dining_table', 'couch']",4,0.950309962,18,142909075,13.96369934,0.00942343,2,18,0.756
53,( person | dog ) & ( dining_table | couch ),CNF,"['acc_loss_norm', 'memory_norm', 'cost_norm']",weighted_sum,"{'person': 'model_16', 'dog': 'model_16', 'dining_table': 'model_16', 'couch': 'model_16'}","['person', 'dog', 'dining_table', 'couch']",4,0.950309962,18,142909075,14.98508453,0.00940843,2,18,0.756
54,( person | dog ) & ( dining_table | couch ),CNF,"['memory_norm', 'cost_norm', 'acc_loss_norm']",lexicographic,"{'person': 'model_11', 'dog': 'model_11', 'dining_table': 'model_11', 'couch': 'model_16'}","['person', 'dog', 'dining_table', 'couch']",4,0.955113293,42,705967558,5.998849869,0.00130251,2,42,0.756
55,( person | dog ) & ( dining_table | couch ),CNF,"['memory_norm', 'acc_loss_norm', 'cost_norm']",lexicographic,"{'person': 'model_16', 'dog': 'model_16', 'dining_table': 'model_16', 'couch': 'model_16'}","['person', 'dog', 'dining_table', 'couch']",4,0.950309962,18,142909075,1.001119614,0.000541961,2,18,0.756
56,( person | dog ) & ( dining_table | couch ),CNF,"['cost_norm', 'memory_norm', 'acc_loss_norm']",lexicographic,"{'person': 'model_11', 'dog': 'model_11', 'dining_table': 'model_11', 'couch': 'model_16'}","['person', 'dog', 'dining_table', 'couch']",4,0.955113293,42,705967558,2.996444702,0.001239441,2,42,0.756
57,( person | dog ) & ( dining_table | couch ),CNF,"['cost_norm', 'acc_loss_norm', 'memory_norm']",lexicographic,"{'person': 'model_71', 'dog': 'model_71', 'dining_table': 'model_71', 'couch': 'model_71'}","['person', 'dog', 'dining_table', 'couch']",4,0.911595838,86,135686683,15.00535011,0.007082287,2,82,0.678
58,( person | dog ) & ( dining_table | couch ),CNF,"['acc_loss_norm', 'cost_norm', 'memory_norm']",lexicographic,"{'person': 'model_66', 'dog': 'model_66', 'dining_table': 'model_66', 'couch': 'model_66'}","['person', 'dog', 'dining_table', 'couch']",4,0.910795976,85,135686683,12.996912,0.006858148,2,82,0.662
59,( person | dog ) & ( dining_table | couch ),CNF,"['acc_loss_norm', 'memory_norm', 'cost_norm']",lexicographic,"{'person': 'model_16', 'dog': 'model_16', 'dining_table': 'model_16', 'couch': 'model_16'}","['person', 'dog', 'dining_table', 'couch']",4,0.950309962,18,142909075,0.997781754,0.000542372,2,18,0.756
60,( person | dog ) & ( dining_table | couch ),CNF,"['memory_norm', 'cost_norm', 'acc_loss_norm']",weighted_min_max,"{'person': 'model_16', 'dog': 'model_16', 'dining_table': 'model_16', 'couch': 'model_16'}","['person', 'dog', 'dining_table', 'couch']",4,0.950309962,18,142909075,16.99781418,0.007172024,2,18,0.756
61,( person | dog ) & ( dining_table | couch ),CNF,"['memory_norm', 'acc_loss_norm', 'cost_norm']",weighted_min_max,"{'person': 'model_16', 'dog': 'model_16', 'dining_table': 'model_16', 'couch': 'model_16'}","['person', 'dog', 'dining_table', 'couch']",4,0.950309962,18,142909075,10.99967957,0.005292782,2,18,0.756
62,( person | dog ) & ( dining_table | couch ),CNF,"['cost_norm', 'memory_norm', 'acc_loss_norm']",weighted_min_max,"{'person': 'model_16', 'dog': 'model_16', 'dining_table': 'model_16', 'couch': 'model_16'}","['person', 'dog', 'dining_table', 'couch']",4,0.950309962,18,142909075,18.00084114,0.008702798,2,18,0.756
63,( person | dog ) & ( dining_table | couch ),CNF,"['cost_norm', 'acc_loss_norm', 'memory_norm']",weighted_min_max,"{'person': 'model_16', 'dog': 'model_16', 'dining_table': 'model_16', 'couch': 'model_16'}","['person', 'dog', 'dining_table', 'couch']",4,0.950309962,18,142909075,16.99781418,0.008607926,2,18,0.756
64,( person | dog ) & ( dining_table | couch ),CNF,"['acc_loss_norm', 'cost_norm', 'memory_norm']",weighted_min_max,"{'person': 'model_16', 'dog': 'model_16', 'dining_table': 'model_16', 'couch': 'model_16'}","['person', 'dog', 'dining_table', 'couch']",4,0.950309962,18,142909075,18.00465584,0.008605973,2,18,0.756
65,( person | dog ) & ( dining_table | couch ),CNF,"['acc_loss_norm', 'memory_norm', 'cost_norm']",weighted_min_max,"{'person': 'model_16', 'dog': 'model_16', 'dining_table': 'model_16', 'couch': 'model_16'}","['person', 'dog', 'dining_table', 'couch']",4,0.950309962,18,142909075,10.00165939,0.005084059,2,18,0.756
66,( person | dog ) & ( dining_table | couch ),CNF,"['memory_norm', 'cost_norm', 'acc_loss_norm']",greedy_MOO,"{'person': 'model_66', 'dog': 'model_66', 'dining_table': 'model_66', 'couch': 'model_66'}","['person', 'dog', 'dining_table', 'couch']",4,0.910795976,85,135686683,12.99977303,0.00759235,2,82,0.662
67,( person | dog ) & ( dining_table | couch ),CNF,"['memory_norm', 'acc_loss_norm', 'cost_norm']",greedy_MOO,"{'person': 'model_66', 'dog': 'model_66', 'dining_table': 'model_66', 'couch': 'model_66'}","['person', 'dog', 'dining_table', 'couch']",4,0.910795976,85,135686683,11.99483871,0.00759235,2,82,0.662
68,( person | dog ) & ( dining_table | couch ),CNF,"['cost_norm', 'memory_norm', 'acc_loss_norm']",greedy_MOO,"{'person': 'model_66', 'dog': 'model_66', 'dining_table': 'model_66', 'couch': 'model_66'}","['person', 'dog', 'dining_table', 'couch']",4,0.910795976,85,135686683,12.00008392,0.00759235,2,82,0.662
69,( person | dog ) & ( dining_table | couch ),CNF,"['cost_norm', 'acc_loss_norm', 'memory_norm']",greedy_MOO,"{'person': 'model_66', 'dog': 'model_66', 'dining_table': 'model_66', 'couch': 'model_66'}","['person', 'dog', 'dining_table', 'couch']",4,0.910795976,85,135686683,12.97473907,0.00759235,2,82,0.662
70,( person | dog ) & ( dining_table | couch ),CNF,"['acc_loss_norm', 'cost_norm', 'memory_norm']",greedy_MOO,"{'person': 'model_66', 'dog': 'model_66', 'dining_table': 'model_66', 'couch': 'model_66'}","['person', 'dog', 'dining_table', 'couch']",4,0.910795976,85,135686683,13.0045414,0.00759235,2,82,0.662
71,( person | dog ) & ( dining_table | couch ),CNF,"['acc_loss_norm', 'memory_norm', 'cost_norm']",greedy_MOO,"{'person': 'model_66', 'dog': 'model_66', 'dining_table': 'model_66', 'couch': 'model_66'}","['person', 'dog', 'dining_table', 'couch']",4,0.910795976,85,135686683,13.00168037,0.00759235,2,82,0.662
72,( person ) & ( bottle | chair ) & ( dining_table | couch ),CNF,"['memory_norm', 'cost_norm', 'acc_loss_norm']",weighted_sum,"{'person': 'model_16', 'bottle': 'model_16', 'chair': 'model_16', 'dining_table': 'model_16', 'couch': 'model_16'}","['person', 'bottle', 'chair', 'dining_table', 'couch']",5,0.886725245,18,142909075,17.97628403,0.012608724,2,18,0.771
73,( person ) & ( bottle | chair ) & ( dining_table | couch ),CNF,"['memory_norm', 'acc_loss_norm', 'cost_norm']",weighted_sum,"{'person': 'model_16', 'bottle': 'model_16', 'chair': 'model_16', 'dining_table': 'model_16', 'couch': 'model_16'}","['person', 'bottle', 'chair', 'dining_table', 'couch']",5,0.886725245,18,142909075,18.96381378,0.012576274,2,18,0.771
74,( person ) & ( bottle | chair ) & ( dining_table | couch ),CNF,"['cost_norm', 'memory_norm', 'acc_loss_norm']",weighted_sum,"{'person': 'model_16', 'bottle': 'model_16', 'chair': 'model_16', 'dining_table': 'model_16', 'couch': 'model_16'}","['person', 'bottle', 'chair', 'dining_table', 'couch']",5,0.886725245,18,142909075,19.97065544,0.012813779,2,18,0.771
75,( person ) & ( bottle | chair ) & ( dining_table | couch ),CNF,"['cost_norm', 'acc_loss_norm', 'memory_norm']",weighted_sum,"{'person': 'model_16', 'bottle': 'model_16', 'chair': 'model_16', 'dining_table': 'model_16', 'couch': 'model_16'}","['person', 'bottle', 'chair', 'dining_table', 'couch']",5,0.886725245,18,142909075,18.99552345,0.012775155,2,18,0.771
76,( person ) & ( bottle | chair ) & ( dining_table | couch ),CNF,"['acc_loss_norm', 'cost_norm', 'memory_norm']",weighted_sum,"{'person': 'model_16', 'bottle': 'model_16', 'chair': 'model_16', 'dining_table': 'model_16', 'couch': 'model_16'}","['person', 'bottle', 'chair', 'dining_table', 'couch']",5,0.886725245,18,142909075,18.96262169,0.012690436,2,18,0.771
77,( person ) & ( bottle | chair ) & ( dining_table | couch ),CNF,"['acc_loss_norm', 'memory_norm', 'cost_norm']",weighted_sum,"{'person': 'model_16', 'bottle': 'model_16', 'chair': 'model_16', 'dining_table': 'model_16', 'couch': 'model_16'}","['person', 'bottle', 'chair', 'dining_table', 'couch']",5,0.886725245,18,142909075,18.96691322,0.012576231,2,18,0.771
78,( person ) & ( bottle | chair ) & ( dining_table | couch ),CNF,"['memory_norm', 'cost_norm', 'acc_loss_norm']",lexicographic,"{'person': 'model_11', 'bottle': 'model_16', 'chair': 'model_11', 'dining_table': 'model_11', 'couch': 'model_16'}","['person', 'bottle', 'chair', 'dining_table', 'couch']",5,0.896471549,42,705967558,4.00018692,0.001521286,2,42,0.771
79,( person ) & ( bottle | chair ) & ( dining_table | couch ),CNF,"['memory_norm', 'acc_loss_norm', 'cost_norm']",lexicographic,"{'person': 'model_16', 'bottle': 'model_16', 'chair': 'model_16', 'dining_table': 'model_16', 'couch': 'model_16'}","['person', 'bottle', 'chair', 'dining_table', 'couch']",5,0.886725245,18,142909075,0.999450684,0.00065586,2,18,0.771
80,( person ) & ( bottle | chair ) & ( dining_table | couch ),CNF,"['cost_norm', 'memory_norm', 'acc_loss_norm']",lexicographic,"{'person': 'model_11', 'bottle': 'model_16', 'chair': 'model_11', 'dining_table': 'model_11', 'couch': 'model_16'}","['person', 'bottle', 'chair', 'dining_table', 'couch']",5,0.896471549,42,705967558,4.03881073,0.001551103,2,42,0.771
81,( person ) & ( bottle | chair ) & ( dining_table | couch ),CNF,"['cost_norm', 'acc_loss_norm', 'memory_norm']",lexicographic,"{'person': 'model_71', 'bottle': 'model_71', 'chair': 'model_71', 'dining_table': 'model_71', 'couch': 'model_71'}","['person', 'bottle', 'chair', 'dining_table', 'couch']",5,0.801288895,86,135686683,12.99619675,0.008580271,2,82,0.72
82,( person ) & ( bottle | chair ) & ( dining_table | couch ),CNF,"['acc_loss_norm', 'cost_norm', 'memory_norm']",lexicographic,"{'person': 'model_66', 'bottle': 'model_66', 'chair': 'model_66', 'dining_table': 'model_66', 'couch': 'model_66'}","['person', 'bottle', 'chair', 'dining_table', 'couch']",5,0.801100599,85,135686683,17.00234413,0.009236396,2,82,0.722
83,( person ) & ( bottle | chair ) & ( dining_table | couch ),CNF,"['acc_loss_norm', 'memory_norm', 'cost_norm']",lexicographic,"{'person': 'model_16', 'bottle': 'model_16', 'chair': 'model_16', 'dining_table': 'model_16', 'couch': 'model_16'}","['person', 'bottle', 'chair', 'dining_table', 'couch']",5,0.886725245,18,142909075,0.997066498,0.000656283,2,18,0.771
84,( person ) & ( bottle | chair ) & ( dining_table | couch ),CNF,"['memory_norm', 'cost_norm', 'acc_loss_norm']",weighted_min_max,"{'person': 'model_16', 'bottle': 'model_16', 'chair': 'model_16', 'dining_table': 'model_16', 'couch': 'model_16'}","['person', 'bottle', 'chair', 'dining_table', 'couch']",5,0.886725245,18,142909075,11.99769974,0.007425006,2,18,0.771
85,( person ) & ( bottle | chair ) & ( dining_table | couch ),CNF,"['memory_norm', 'acc_loss_norm', 'cost_norm']",weighted_min_max,"{'person': 'model_16', 'bottle': 'model_16', 'chair': 'model_16', 'dining_table': 'model_16', 'couch': 'model_16'}","['person', 'bottle', 'chair', 'dining_table', 'couch']",5,0.886725245,18,142909075,12.96472549,0.007429284,2,18,0.771
86,( person ) & ( bottle | chair ) & ( dining_table | couch ),CNF,"['cost_norm', 'memory_norm', 'acc_loss_norm']",weighted_min_max,"{'person': 'model_16', 'bottle': 'model_16', 'chair': 'model_16', 'dining_table': 'model_16', 'couch': 'model_16'}","['person', 'bottle', 'chair', 'dining_table', 'couch']",5,0.886725245,18,142909075,17.99845695,0.011694386,2,18,0.771
87,( person ) & ( bottle | chair ) & ( dining_table | couch ),CNF,"['cost_norm', 'acc_loss_norm', 'memory_norm']",weighted_min_max,"{'person': 'model_16', 'bottle': 'model_16', 'chair': 'model_16', 'dining_table': 'model_16', 'couch': 'model_16'}","['person', 'bottle', 'chair', 'dining_table', 'couch']",5,0.886725245,18,142909075,16.95966721,0.011555698,2,18,0.771
88,( person ) & ( bottle | chair ) & ( dining_table | couch ),CNF,"['acc_loss_norm', 'cost_norm', 'memory_norm']",weighted_min_max,"{'person': 'model_16', 'bottle': 'model_16', 'chair': 'model_16', 'dining_table': 'model_16', 'couch': 'model_16'}","['person', 'bottle', 'chair', 'dining_table', 'couch']",5,0.886725245,18,142909075,18.00203323,0.011879949,2,18,0.771
89,( person ) & ( bottle | chair ) & ( dining_table | couch ),CNF,"['acc_loss_norm', 'memory_norm', 'cost_norm']",weighted_min_max,"{'person': 'model_16', 'bottle': 'model_16', 'chair': 'model_16', 'dining_table': 'model_16', 'couch': 'model_16'}","['person', 'bottle', 'chair', 'dining_table', 'couch']",5,0.886725245,18,142909075,9.000778198,0.006879643,2,18,0.771
90,( person ) & ( bottle | chair ) & ( dining_table | couch ),CNF,"['memory_norm', 'cost_norm', 'acc_loss_norm']",greedy_MOO,"{'person': 'model_66', 'bottle': 'model_66', 'chair': 'model_66', 'dining_table': 'model_66', 'couch': 'model_66'}","['person', 'bottle', 'chair', 'dining_table', 'couch']",5,0.801100599,85,135686683,15.00105858,0.010384375,2,82,0.722
91,( person ) & ( bottle | chair ) & ( dining_table | couch ),CNF,"['memory_norm', 'acc_loss_norm', 'cost_norm']",greedy_MOO,"{'person': 'model_66', 'bottle': 'model_66', 'chair': 'model_66', 'dining_table': 'model_66', 'couch': 'model_66'}","['person', 'bottle', 'chair', 'dining_table', 'couch']",5,0.801100599,85,135686683,15.96808434,0.010384375,2,82,0.722
92,( person ) & ( bottle | chair ) & ( dining_table | couch ),CNF,"['cost_norm', 'memory_norm', 'acc_loss_norm']",greedy_MOO,"{'person': 'model_66', 'bottle': 'model_66', 'chair': 'model_66', 'dining_table': 'model_66', 'couch': 'model_66'}","['person', 'bottle', 'chair', 'dining_table', 'couch']",5,0.801100599,85,135686683,15.00749588,0.010384375,2,82,0.722
93,( person ) & ( bottle | chair ) & ( dining_table | couch ),CNF,"['cost_norm', 'acc_loss_norm', 'memory_norm']",greedy_MOO,"{'person': 'model_66', 'bottle': 'model_66', 'chair': 'model_66', 'dining_table': 'model_66', 'couch': 'model_66'}","['person', 'bottle', 'chair', 'dining_table', 'couch']",5,0.801100599,85,135686683,14.96601105,0.010384375,2,82,0.722
94,( person ) & ( bottle | chair ) & ( dining_table | couch ),CNF,"['acc_loss_norm', 'cost_norm', 'memory_norm']",greedy_MOO,"{'person': 'model_66', 'bottle': 'model_66', 'chair': 'model_66', 'dining_table': 'model_66', 'couch': 'model_66'}","['person', 'bottle', 'chair', 'dining_table', 'couch']",5,0.801100599,85,135686683,14.03450966,0.010384375,2,82,0.722
95,( person ) & ( bottle | chair ) & ( dining_table | couch ),CNF,"['acc_loss_norm', 'memory_norm', 'cost_norm']",greedy_MOO,"{'person': 'model_66', 'bottle': 'model_66', 'chair': 'model_66', 'dining_table': 'model_66', 'couch': 'model_66'}","['person', 'bottle', 'chair', 'dining_table', 'couch']",5,0.801100599,85,135686683,14.97125626,0.010384375,2,82,0.722
96,( bottle | chair ) & ( dog | person ) & ( couch | dining_table ),CNF,"['memory_norm', 'cost_norm', 'acc_loss_norm']",weighted_sum,"{'bottle': 'model_16', 'chair': 'model_16', 'dog': 'model_16', 'person': 'model_16', 'couch': 'model_16', 'dining_table': 'model_16'}","['bottle', 'chair', 'dog', 'person', 'couch', 'dining_table']",6,0.912660582,18,142909075,23.9713192,0.015942742,2,18,0.717
97,( bottle | chair ) & ( dog | person ) & ( couch | dining_table ),CNF,"['memory_norm', 'acc_loss_norm', 'cost_norm']",weighted_sum,"{'bottle': 'model_16', 'chair': 'model_16', 'dog': 'model_16', 'person': 'model_16', 'couch': 'model_16', 'dining_table': 'model_16'}","['bottle', 'chair', 'dog', 'person', 'couch', 'dining_table']",6,0.912660582,18,142909075,23.96917343,0.015941222,2,18,0.717
98,( bottle | chair ) & ( dog | person ) & ( couch | dining_table ),CNF,"['cost_norm', 'memory_norm', 'acc_loss_norm']",weighted_sum,"{'bottle': 'model_16', 'chair': 'model_16', 'dog': 'model_16', 'person': 'model_16', 'couch': 'model_16', 'dining_table': 'model_16'}","['bottle', 'chair', 'dog', 'person', 'couch', 'dining_table']",6,0.912660582,18,142909075,25.1224041,0.01599868,2,18,0.717
99,( bottle | chair ) & ( dog | person ) & ( couch | dining_table ),CNF,"['cost_norm', 'acc_loss_norm', 'memory_norm']",weighted_sum,"{'bottle': 'model_16', 'chair': 'model_16', 'dog': 'model_16', 'person': 'model_16', 'couch': 'model_16', 'dining_table': 'model_16'}","['bottle', 'chair', 'dog', 'person', 'couch', 'dining_table']",6,0.912660582,18,142909075,21.96669579,0.015701102,2,18,0.717
100,( bottle | chair ) & ( dog | person ) & ( couch | dining_table ),CNF,"['acc_loss_norm', 'cost_norm', 'memory_norm']",weighted_sum,"{'bottle': 'model_16', 'chair': 'model_16', 'dog': 'model_16', 'person': 'model_16', 'couch': 'model_16', 'dining_table': 'model_16'}","['bottle', 'chair', 'dog', 'person', 'couch', 'dining_table']",6,0.912660582,18,142909075,23.96297455,0.01590336,2,18,0.717
101,( bottle | chair ) & ( dog | person ) & ( couch | dining_table ),CNF,"['acc_loss_norm', 'memory_norm', 'cost_norm']",weighted_sum,"{'bottle': 'model_16', 'chair': 'model_16', 'dog': 'model_16', 'person': 'model_16', 'couch': 'model_16', 'dining_table': 'model_16'}","['bottle', 'chair', 'dog', 'person', 'couch', 'dining_table']",6,0.912660582,18,142909075,22.99904823,0.015941291,2,18,0.717
102,( bottle | chair ) & ( dog | person ) & ( couch | dining_table ),CNF,"['memory_norm', 'cost_norm', 'acc_loss_norm']",lexicographic,"{'bottle': 'model_16', 'chair': 'model_11', 'dog': 'model_11', 'person': 'model_11', 'couch': 'model_16', 'dining_table': 'model_11'}","['bottle', 'chair', 'dog', 'person', 'couch', 'dining_table']",6,0.920121762,42,705967558,8.002519608,0.002024285,2,42,0.717
103,( bottle | chair ) & ( dog | person ) & ( couch | dining_table ),CNF,"['memory_norm', 'acc_loss_norm', 'cost_norm']",lexicographic,"{'bottle': 'model_16', 'chair': 'model_16', 'dog': 'model_16', 'person': 'model_16', 'couch': 'model_16', 'dining_table': 'model_16'}","['bottle', 'chair', 'dog', 'person', 'couch', 'dining_table']",6,0.912660582,18,142909075,1.001119614,0.000814754,2,18,0.717
104,( bottle | chair ) & ( dog | person ) & ( couch | dining_table ),CNF,"['cost_norm', 'memory_norm', 'acc_loss_norm']",lexicographic,"{'bottle': 'model_16', 'chair': 'model_11', 'dog': 'model_11', 'person': 'model_11', 'couch': 'model_16', 'dining_table': 'model_11'}","['bottle', 'chair', 'dog', 'person', 'couch', 'dining_table']",6,0.920121762,42,705967558,5.995512009,0.002151244,2,42,0.717
105,( bottle | chair ) & ( dog | person ) & ( couch | dining_table ),CNF,"['cost_norm', 'acc_loss_norm', 'memory_norm']",lexicographic,"{'bottle': 'model_71', 'chair': 'model_71', 'dog': 'model_71', 'person': 'model_71', 'couch': 'model_71', 'dining_table': 'model_71'}","['bottle', 'chair', 'dog', 'person', 'couch', 'dining_table']",6,0.840727466,86,135686683,19.00172234,0.011776817,2,82,0.639
106,( bottle | chair ) & ( dog | person ) & ( couch | dining_table ),CNF,"['acc_loss_norm', 'cost_norm', 'memory_norm']",lexicographic,"{'bottle': 'model_66', 'chair': 'model_66', 'dog': 'model_66', 'person': 'model_66', 'couch': 'model_66', 'dining_table': 'model_66'}","['bottle', 'chair', 'dog', 'person', 'couch', 'dining_table']",6,0.8366754,85,135686683,19.00076866,0.01223584,2,82,0.621
107,( bottle | chair ) & ( dog | person ) & ( couch | dining_table ),CNF,"['acc_loss_norm', 'memory_norm', 'cost_norm']",lexicographic,"{'bottle': 'model_16', 'chair': 'model_16', 'dog': 'model_16', 'person': 'model_16', 'couch': 'model_16', 'dining_table': 'model_16'}","['bottle', 'chair', 'dog', 'person', 'couch', 'dining_table']",6,0.912660582,18,142909075,0.999212265,0.00081513,2,18,0.717
108,( bottle | chair ) & ( dog | person ) & ( couch | dining_table ),CNF,"['memory_norm', 'cost_norm', 'acc_loss_norm']",weighted_min_max,"{'bottle': 'model_16', 'chair': 'model_16', 'dog': 'model_16', 'person': 'model_16', 'couch': 'model_16', 'dining_table': 'model_16'}","['bottle', 'chair', 'dog', 'person', 'couch', 'dining_table']",6,0.912660582,18,142909075,14.9679184,0.009466432,2,18,0.717
109,( bottle | chair ) & ( dog | person ) & ( couch | dining_table ),CNF,"['memory_norm', 'acc_loss_norm', 'cost_norm']",weighted_min_max,"{'bottle': 'model_16', 'chair': 'model_16', 'dog': 'model_16', 'person': 'model_16', 'couch': 'model_16', 'dining_table': 'model_16'}","['bottle', 'chair', 'dog', 'person', 'couch', 'dining_table']",6,0.912660582,18,142909075,12.9570961,0.009077373,2,18,0.717
110,( bottle | chair ) & ( dog | person ) & ( couch | dining_table ),CNF,"['cost_norm', 'memory_norm', 'acc_loss_norm']",weighted_min_max,"{'bottle': 'model_16', 'chair': 'model_16', 'dog': 'model_16', 'person': 'model_16', 'couch': 'model_16', 'dining_table': 'model_16'}","['bottle', 'chair', 'dog', 'person', 'couch', 'dining_table']",6,0.912660582,18,142909075,22.99761772,0.014459105,2,18,0.717
111,( bottle | chair ) & ( dog | person ) & ( couch | dining_table ),CNF,"['cost_norm', 'acc_loss_norm', 'memory_norm']",weighted_min_max,"{'bottle': 'model_16', 'chair': 'model_16', 'dog': 'model_16', 'person': 'model_16', 'couch': 'model_16', 'dining_table': 'model_16'}","['bottle', 'chair', 'dog', 'person', 'couch', 'dining_table']",6,0.912660582,18,142909075,20.9634304,0.014483331,2,18,0.717
112,( bottle | chair ) & ( dog | person ) & ( couch | dining_table ),CNF,"['acc_loss_norm', 'cost_norm', 'memory_norm']",weighted_min_max,"{'bottle': 'model_16', 'chair': 'model_16', 'dog': 'model_16', 'person': 'model_16', 'couch': 'model_16', 'dining_table': 'model_16'}","['bottle', 'chair', 'dog', 'person', 'couch', 'dining_table']",6,0.912660582,18,142909075,21.9950676,0.014367886,2,18,0.717
113,( bottle | chair ) & ( dog | person ) & ( couch | dining_table ),CNF,"['acc_loss_norm', 'memory_norm', 'cost_norm']",weighted_min_max,"{'bottle': 'model_16', 'chair': 'model_16', 'dog': 'model_16', 'person': 'model_16', 'couch': 'model_16', 'dining_table': 'model_16'}","['bottle', 'chair', 'dog', 'person', 'couch', 'dining_table']",6,0.912660582,18,142909075,12.00652122,0.00870638,2,18,0.717
114,( bottle | chair ) & ( dog | person ) & ( couch | dining_table ),CNF,"['memory_norm', 'cost_norm', 'acc_loss_norm']",greedy_MOO,"{'bottle': 'model_66', 'chair': 'model_66', 'dog': 'model_66', 'person': 'model_66', 'couch': 'model_66', 'dining_table': 'model_66'}","['bottle', 'chair', 'dog', 'person', 'couch', 'dining_table']",6,0.8366754,85,135686683,18.03731918,0.012718785,2,82,0.621
115,( bottle | chair ) & ( dog | person ) & ( couch | dining_table ),CNF,"['memory_norm', 'acc_loss_norm', 'cost_norm']",greedy_MOO,"{'bottle': 'model_66', 'chair': 'model_66', 'dog': 'model_66', 'person': 'model_66', 'couch': 'model_66', 'dining_table': 'model_66'}","['bottle', 'chair', 'dog', 'person', 'couch', 'dining_table']",6,0.8366754,85,135686683,17.96364784,0.012718785,2,82,0.621
116,( bottle | chair ) & ( dog | person ) & ( couch | dining_table ),CNF,"['cost_norm', 'memory_norm', 'acc_loss_norm']",greedy_MOO,"{'bottle': 'model_66', 'chair': 'model_66', 'dog': 'model_66', 'person': 'model_66', 'couch': 'model_66', 'dining_table': 'model_66'}","['bottle', 'chair', 'dog', 'person', 'couch', 'dining_table']",6,0.8366754,85,135686683,18.99933815,0.012718785,2,82,0.621
117,( bottle | chair ) & ( dog | person ) & ( couch | dining_table ),CNF,"['cost_norm', 'acc_loss_norm', 'memory_norm']",greedy_MOO,"{'bottle': 'model_66', 'chair': 'model_66', 'dog': 'model_66', 'person': 'model_66', 'couch': 'model_66', 'dining_table': 'model_66'}","['bottle', 'chair', 'dog', 'person', 'couch', 'dining_table']",6,0.8366754,85,135686683,17.9669857,0.012718785,2,82,0.621
118,( bottle | chair ) & ( dog | person ) & ( couch | dining_table ),CNF,"['acc_loss_norm', 'cost_norm', 'memory_norm']",greedy_MOO,"{'bottle': 'model_66', 'chair': 'model_66', 'dog': 'model_66', 'person': 'model_66', 'couch': 'model_66', 'dining_table': 'model_66'}","['bottle', 'chair', 'dog', 'person', 'couch', 'dining_table']",6,0.8366754,85,135686683,20.03645897,0.012718785,2,82,0.621
119,( bottle | chair ) & ( dog | person ) & ( couch | dining_table ),CNF,"['acc_loss_norm', 'memory_norm', 'cost_norm']",greedy_MOO,"{'bottle': 'model_66', 'chair': 'model_66', 'dog': 'model_66', 'person': 'model_66', 'couch': 'model_66', 'dining_table': 'model_66'}","['bottle', 'chair', 'dog', 'person', 'couch', 'dining_table']",6,0.8366754,85,135686683,18.99957657,0.012718785,2,82,0.621
120,( chair | car ),DNF,"['memory_norm', 'cost_norm', 'acc_loss_norm']",weighted_sum,"{'chair': 'model_16', 'car': 'model_16'}","['chair', 'car']",2,0.697598,18,142909075,8.013248444,0.003706928,2,18,0.854
121,( chair | car ),DNF,"['memory_norm', 'acc_loss_norm', 'cost_norm']",weighted_sum,"{'chair': 'model_16', 'car': 'model_16'}","['chair', 'car']",2,0.697598,18,142909075,8.000612259,0.003706928,2,18,0.854
122,( chair | car ),DNF,"['cost_norm', 'memory_norm', 'acc_loss_norm']",weighted_sum,"{'chair': 'model_16', 'car': 'model_16'}","['chair', 'car']",2,0.697598,18,142909075,8.000135422,0.003706928,2,18,0.854
123,( chair | car ),DNF,"['cost_norm', 'acc_loss_norm', 'memory_norm']",weighted_sum,"{'chair': 'model_16', 'car': 'model_16'}","['chair', 'car']",2,0.697598,18,142909075,7.966518402,0.003706928,2,18,0.854
124,( chair | car ),DNF,"['acc_loss_norm', 'cost_norm', 'memory_norm']",weighted_sum,"{'chair': 'model_16', 'car': 'model_16'}","['chair', 'car']",2,0.697598,18,142909075,7.996320724,0.003706928,2,18,0.854
125,( chair | car ),DNF,"['acc_loss_norm', 'memory_norm', 'cost_norm']",weighted_sum,"{'chair': 'model_16', 'car': 'model_16'}","['chair', 'car']",2,0.697598,18,142909075,8.054018021,0.003706928,2,18,0.854
126,( chair | car ),DNF,"['memory_norm', 'cost_norm', 'acc_loss_norm']",lexicographic,"{'chair': 'model_46', 'car': 'model_46'}","['chair', 'car']",2,0.525928,16,44347377,0,0.000108624,2,16,0.704
127,( chair | car ),DNF,"['memory_norm', 'acc_loss_norm', 'cost_norm']",lexicographic,"{'chair': 'model_46', 'car': 'model_46'}","['chair', 'car']",2,0.525928,16,44347377,0,0.000108624,2,16,0.704
128,( chair | car ),DNF,"['cost_norm', 'memory_norm', 'acc_loss_norm']",lexicographic,"{'chair': 'model_46', 'car': 'model_46'}","['chair', 'car']",2,0.525928,16,44347377,0,0.000108624,2,16,0.704
129,( chair | car ),DNF,"['cost_norm', 'acc_loss_norm', 'memory_norm']",lexicographic,"{'chair': 'model_46', 'car': 'model_46'}","['chair', 'car']",2,0.525928,16,44347377,0,0.000108624,2,16,0.704
130,( chair | car ),DNF,"['acc_loss_norm', 'cost_norm', 'memory_norm']",lexicographic,"{'chair': 'model_46', 'car': 'model_46'}","['chair', 'car']",2,0.525928,16,44347377,1.002788544,0.000108624,2,16,0.704
131,( chair | car ),DNF,"['acc_loss_norm', 'memory_norm', 'cost_norm']",lexicographic,"{'chair': 'model_46', 'car': 'model_46'}","['chair', 'car']",2,0.525928,16,44347377,0.999212265,0.000108624,2,16,0.704
132,( chair | car ),DNF,"['memory_norm', 'cost_norm', 'acc_loss_norm']",weighted_min_max,"{'chair': 'model_16', 'car': 'model_16'}","['chair', 'car']",2,0.697598,18,142909075,10.00070572,0.004096461,2,18,0.854
133,( chair | car ),DNF,"['memory_norm', 'acc_loss_norm', 'cost_norm']",weighted_min_max,"{'chair': 'model_16', 'car': 'model_16'}","['chair', 'car']",2,0.697598,18,142909075,7.996320724,0.004096461,2,18,0.854
134,( chair | car ),DNF,"['cost_norm', 'memory_norm', 'acc_loss_norm']",weighted_min_max,"{'chair': 'model_16', 'car': 'model_16'}","['chair', 'car']",2,0.697598,18,142909075,7.967948914,0.004096461,2,18,0.854
135,( chair | car ),DNF,"['cost_norm', 'acc_loss_norm', 'memory_norm']",weighted_min_max,"{'chair': 'model_16', 'car': 'model_16'}","['chair', 'car']",2,0.697598,18,142909075,7.957935333,0.004096461,2,18,0.854
136,( chair | car ),DNF,"['acc_loss_norm', 'cost_norm', 'memory_norm']",weighted_min_max,"{'chair': 'model_16', 'car': 'model_16'}","['chair', 'car']",2,0.697598,18,142909075,7.960319519,0.004096461,2,18,0.854
137,( chair | car ),DNF,"['acc_loss_norm', 'memory_norm', 'cost_norm']",weighted_min_max,"{'chair': 'model_16', 'car': 'model_16'}","['chair', 'car']",2,0.697598,18,142909075,8.999109268,0.004096461,2,18,0.854
138,( chair | car ),DNF,"['memory_norm', 'cost_norm', 'acc_loss_norm']",greedy_MOO,"{'chair': 'model_46', 'car': 'model_46'}","['chair', 'car']",2,0.525928,16,44347377,5.964040756,0.003472162,2,16,0.704
139,( chair | car ),DNF,"['memory_norm', 'acc_loss_norm', 'cost_norm']",greedy_MOO,"{'chair': 'model_46', 'car': 'model_46'}","['chair', 'car']",2,0.525928,16,44347377,7.011651993,0.003472162,2,16,0.704
140,( chair | car ),DNF,"['cost_norm', 'memory_norm', 'acc_loss_norm']",greedy_MOO,"{'chair': 'model_46', 'car': 'model_46'}","['chair', 'car']",2,0.525928,16,44347377,6.999969482,0.003472162,2,16,0.704
141,( chair | car ),DNF,"['cost_norm', 'acc_loss_norm', 'memory_norm']",greedy_MOO,"{'chair': 'model_46', 'car': 'model_46'}","['chair', 'car']",2,0.525928,16,44347377,5.970716476,0.003472162,2,16,0.704
142,( chair | car ),DNF,"['acc_loss_norm', 'cost_norm', 'memory_norm']",greedy_MOO,"{'chair': 'model_46', 'car': 'model_46'}","['chair', 'car']",2,0.525928,16,44347377,6.981611252,0.003472162,2,16,0.704
143,( chair | car ),DNF,"['acc_loss_norm', 'memory_norm', 'cost_norm']",greedy_MOO,"{'chair': 'model_46', 'car': 'model_46'}","['chair', 'car']",2,0.525928,16,44347377,5.003929138,0.003472162,2,16,0.704
144,( tv & bottle ) | ( dining_table ),DNF,"['memory_norm', 'cost_norm', 'acc_loss_norm']",weighted_sum,"{'tv': 'model_16', 'bottle': 'model_16', 'dining_table': 'model_16'}","['tv', 'bottle', 'dining_table']",3,0.913571672,18,142909075,13.00120354,0.007145223,2,18,0.745
145,( tv & bottle ) | ( dining_table ),DNF,"['memory_norm', 'acc_loss_norm', 'cost_norm']",weighted_sum,"{'tv': 'model_16', 'bottle': 'model_16', 'dining_table': 'model_16'}","['tv', 'bottle', 'dining_table']",3,0.913571672,18,142909075,11.96312904,0.007145223,2,18,0.745
146,( tv & bottle ) | ( dining_table ),DNF,"['cost_norm', 'memory_norm', 'acc_loss_norm']",weighted_sum,"{'tv': 'model_16', 'bottle': 'model_16', 'dining_table': 'model_16'}","['tv', 'bottle', 'dining_table']",3,0.913571672,18,142909075,14.00232315,0.007145223,2,18,0.745
147,( tv & bottle ) | ( dining_table ),DNF,"['cost_norm', 'acc_loss_norm', 'memory_norm']",weighted_sum,"{'tv': 'model_16', 'bottle': 'model_16', 'dining_table': 'model_16'}","['tv', 'bottle', 'dining_table']",3,0.913571672,18,142909075,13.96274567,0.007145223,2,18,0.745
148,( tv & bottle ) | ( dining_table ),DNF,"['acc_loss_norm', 'cost_norm', 'memory_norm']",weighted_sum,"{'tv': 'model_16', 'bottle': 'model_16', 'dining_table': 'model_16'}","['tv', 'bottle', 'dining_table']",3,0.913571672,18,142909075,12.96830177,0.007145223,2,18,0.745
149,( tv & bottle ) | ( dining_table ),DNF,"['acc_loss_norm', 'memory_norm', 'cost_norm']",weighted_sum,"{'tv': 'model_16', 'bottle': 'model_16', 'dining_table': 'model_16'}","['tv', 'bottle', 'dining_table']",3,0.913571672,18,142909075,12.9635334,0.007145223,2,18,0.745
150,( tv & bottle ) | ( dining_table ),DNF,"['memory_norm', 'cost_norm', 'acc_loss_norm']",lexicographic,"{'tv': 'model_46', 'bottle': 'model_46', 'dining_table': 'model_46'}","['tv', 'bottle', 'dining_table']",3,0.78458304,16,44347377,0,0.000152989,2,16,0.069
151,( tv & bottle ) | ( dining_table ),DNF,"['memory_norm', 'acc_loss_norm', 'cost_norm']",lexicographic,"{'tv': 'model_46', 'bottle': 'model_46', 'dining_table': 'model_46'}","['tv', 'bottle', 'dining_table']",3,0.78458304,16,44347377,0.998973846,0.000152989,2,16,0.069
152,( tv & bottle ) | ( dining_table ),DNF,"['cost_norm', 'memory_norm', 'acc_loss_norm']",lexicographic,"{'tv': 'model_46', 'bottle': 'model_46', 'dining_table': 'model_46'}","['tv', 'bottle', 'dining_table']",3,0.78458304,16,44347377,1.001596451,0.000152989,2,16,0.069
153,( tv & bottle ) | ( dining_table ),DNF,"['cost_norm', 'acc_loss_norm', 'memory_norm']",lexicographic,"{'tv': 'model_46', 'bottle': 'model_46', 'dining_table': 'model_46'}","['tv', 'bottle', 'dining_table']",3,0.78458304,16,44347377,0,0.000152989,2,16,0.069
154,( tv & bottle ) | ( dining_table ),DNF,"['acc_loss_norm', 'cost_norm', 'memory_norm']",lexicographic,"{'tv': 'model_46', 'bottle': 'model_46', 'dining_table': 'model_46'}","['tv', 'bottle', 'dining_table']",3,0.78458304,16,44347377,1.991033554,0.000152989,2,16,0.069
155,( tv & bottle ) | ( dining_table ),DNF,"['acc_loss_norm', 'memory_norm', 'cost_norm']",lexicographic,"{'tv': 'model_46', 'bottle': 'model_46', 'dining_table': 'model_46'}","['tv', 'bottle', 'dining_table']",3,0.78458304,16,44347377,0,0.000152989,2,16,0.069
156,( tv & bottle ) | ( dining_table ),DNF,"['memory_norm', 'cost_norm', 'acc_loss_norm']",weighted_min_max,"{'tv': 'model_16', 'bottle': 'model_16', 'dining_table': 'model_16'}","['tv', 'bottle', 'dining_table']",3,0.913571672,18,142909075,16.9634819,0.008081467,2,18,0.745
157,( tv & bottle ) | ( dining_table ),DNF,"['memory_norm', 'acc_loss_norm', 'cost_norm']",weighted_min_max,"{'tv': 'model_16', 'bottle': 'model_16', 'dining_table': 'model_16'}","['tv', 'bottle', 'dining_table']",3,0.913571672,18,142909075,16.96705818,0.008081467,2,18,0.745
158,( tv & bottle ) | ( dining_table ),DNF,"['cost_norm', 'memory_norm', 'acc_loss_norm']",weighted_min_max,"{'tv': 'model_16', 'bottle': 'model_16', 'dining_table': 'model_16'}","['tv', 'bottle', 'dining_table']",3,0.913571672,18,142909075,17.99702644,0.008081467,2,18,0.745
159,( tv & bottle ) | ( dining_table ),DNF,"['cost_norm', 'acc_loss_norm', 'memory_norm']",weighted_min_max,"{'tv': 'model_16', 'bottle': 'model_16', 'dining_table': 'model_16'}","['tv', 'bottle', 'dining_table']",3,0.913571672,18,142909075,17.973423,0.008081467,2,18,0.745
160,( tv & bottle ) | ( dining_table ),DNF,"['acc_loss_norm', 'cost_norm', 'memory_norm']",weighted_min_max,"{'tv': 'model_16', 'bottle': 'model_16', 'dining_table': 'model_16'}","['tv', 'bottle', 'dining_table']",3,0.913571672,18,142909075,20.99657059,0.008081467,2,18,0.745
161,( tv & bottle ) | ( dining_table ),DNF,"['acc_loss_norm', 'memory_norm', 'cost_norm']",weighted_min_max,"{'tv': 'model_16', 'bottle': 'model_16', 'dining_table': 'model_16'}","['tv', 'bottle', 'dining_table']",3,0.913571672,18,142909075,16.96395874,0.008081467,2,18,0.745
162,( tv & bottle ) | ( dining_table ),DNF,"['memory_norm', 'cost_norm', 'acc_loss_norm']",greedy_MOO,"{'tv': 'model_46', 'bottle': 'model_46', 'dining_table': 'model_46'}","['tv', 'bottle', 'dining_table']",3,0.78458304,16,44347377,7.957935333,0.005361042,2,16,0.069
163,( tv & bottle ) | ( dining_table ),DNF,"['memory_norm', 'acc_loss_norm', 'cost_norm']",greedy_MOO,"{'tv': 'model_46', 'bottle': 'model_46', 'dining_table': 'model_46'}","['tv', 'bottle', 'dining_table']",3,0.78458304,16,44347377,8.000135422,0.005361042,2,16,0.069
164,( tv & bottle ) | ( dining_table ),DNF,"['cost_norm', 'memory_norm', 'acc_loss_norm']",greedy_MOO,"{'tv': 'model_46', 'bottle': 'model_46', 'dining_table': 'model_46'}","['tv', 'bottle', 'dining_table']",3,0.78458304,16,44347377,7.961511612,0.005361042,2,16,0.069
165,( tv & bottle ) | ( dining_table ),DNF,"['cost_norm', 'acc_loss_norm', 'memory_norm']",greedy_MOO,"{'tv': 'model_46', 'bottle': 'model_46', 'dining_table': 'model_46'}","['tv', 'bottle', 'dining_table']",3,0.78458304,16,44347377,7.999658585,0.005361042,2,16,0.069
166,( tv & bottle ) | ( dining_table ),DNF,"['acc_loss_norm', 'cost_norm', 'memory_norm']",greedy_MOO,"{'tv': 'model_46', 'bottle': 'model_46', 'dining_table': 'model_46'}","['tv', 'bottle', 'dining_table']",3,0.78458304,16,44347377,9.004592896,0.005361042,2,16,0.069
167,( tv & bottle ) | ( dining_table ),DNF,"['acc_loss_norm', 'memory_norm', 'cost_norm']",greedy_MOO,"{'tv': 'model_46', 'bottle': 'model_46', 'dining_table': 'model_46'}","['tv', 'bottle', 'dining_table']",3,0.78458304,16,44347377,12.99762726,0.005361042,2,16,0.069
168,( chair & dining_table ) | ( person & tv ),DNF,"['memory_norm', 'cost_norm', 'acc_loss_norm']",weighted_sum,"{'chair': 'model_16', 'dining_table': 'model_16', 'person': 'model_16', 'tv': 'model_16'}","['chair', 'dining_table', 'person', 'tv']",4,0.940333677,18,142909075,17.96317101,0.010999953,2,18,0.756
169,( chair & dining_table ) | ( person & tv ),DNF,"['memory_norm', 'acc_loss_norm', 'cost_norm']",weighted_sum,"{'chair': 'model_16', 'dining_table': 'model_16', 'person': 'model_16', 'tv': 'model_16'}","['chair', 'dining_table', 'person', 'tv']",4,0.940333677,18,142909075,18.97168159,0.010999953,2,18,0.756
170,( chair & dining_table ) | ( person & tv ),DNF,"['cost_norm', 'memory_norm', 'acc_loss_norm']",weighted_sum,"{'chair': 'model_16', 'dining_table': 'model_16', 'person': 'model_16', 'tv': 'model_16'}","['chair', 'dining_table', 'person', 'tv']",4,0.940333677,18,142909075,20.00761032,0.010999953,2,18,0.756
171,( chair & dining_table ) | ( person & tv ),DNF,"['cost_norm', 'acc_loss_norm', 'memory_norm']",weighted_sum,"{'chair': 'model_16', 'dining_table': 'model_16', 'person': 'model_16', 'tv': 'model_16'}","['chair', 'dining_table', 'person', 'tv']",4,0.940333677,18,142909075,17.96412468,0.010999953,2,18,0.756
172,( chair & dining_table ) | ( person & tv ),DNF,"['acc_loss_norm', 'cost_norm', 'memory_norm']",weighted_sum,"{'chair': 'model_16', 'dining_table': 'model_16', 'person': 'model_16', 'tv': 'model_16'}","['chair', 'dining_table', 'person', 'tv']",4,0.940333677,18,142909075,18.96429062,0.010999953,2,18,0.756
173,( chair & dining_table ) | ( person & tv ),DNF,"['acc_loss_norm', 'memory_norm', 'cost_norm']",weighted_sum,"{'chair': 'model_16', 'dining_table': 'model_16', 'person': 'model_16', 'tv': 'model_16'}","['chair', 'dining_table', 'person', 'tv']",4,0.940333677,18,142909075,18.97335052,0.010999953,2,18,0.756
174,( chair & dining_table ) | ( person & tv ),DNF,"['memory_norm', 'cost_norm', 'acc_loss_norm']",lexicographic,"{'chair': 'model_46', 'dining_table': 'model_46', 'person': 'model_46', 'tv': 'model_46'}","['chair', 'dining_table', 'person', 'tv']",4,0.831089303,16,44347377,0.999450684,0.000228769,2,16,0.561
175,( chair & dining_table ) | ( person & tv ),DNF,"['memory_norm', 'acc_loss_norm', 'cost_norm']",lexicographic,"{'chair': 'model_46', 'dining_table': 'model_46', 'person': 'model_46', 'tv': 'model_46'}","['chair', 'dining_table', 'person', 'tv']",4,0.831089303,16,44347377,0,0.000228769,2,16,0.561
176,( chair & dining_table ) | ( person & tv ),DNF,"['cost_norm', 'memory_norm', 'acc_loss_norm']",lexicographic,"{'chair': 'model_46', 'dining_table': 'model_46', 'person': 'model_46', 'tv': 'model_46'}","['chair', 'dining_table', 'person', 'tv']",4,0.831089303,16,44347377,0,0.000228769,2,16,0.561
177,( chair & dining_table ) | ( person & tv ),DNF,"['cost_norm', 'acc_loss_norm', 'memory_norm']",lexicographic,"{'chair': 'model_46', 'dining_table': 'model_46', 'person': 'model_46', 'tv': 'model_46'}","['chair', 'dining_table', 'person', 'tv']",4,0.831089303,16,44347377,1.004219055,0.000228769,2,16,0.561
178,( chair & dining_table ) | ( person & tv ),DNF,"['acc_loss_norm', 'cost_norm', 'memory_norm']",lexicographic,"{'chair': 'model_46', 'dining_table': 'model_46', 'person': 'model_46', 'tv': 'model_46'}","['chair', 'dining_table', 'person', 'tv']",4,0.831089303,16,44347377,0.994682312,0.000228769,2,16,0.561
179,( chair & dining_table ) | ( person & tv ),DNF,"['acc_loss_norm', 'memory_norm', 'cost_norm']",lexicographic,"{'chair': 'model_46', 'dining_table': 'model_46', 'person': 'model_46', 'tv': 'model_46'}","['chair', 'dining_table', 'person', 'tv']",4,0.831089303,16,44347377,0,0.000228769,2,16,0.561
180,( chair & dining_table ) | ( person & tv ),DNF,"['memory_norm', 'cost_norm', 'acc_loss_norm']",weighted_min_max,"{'chair': 'model_16', 'dining_table': 'model_16', 'person': 'model_16', 'tv': 'model_16'}","['chair', 'dining_table', 'person', 'tv']",4,0.940333677,18,142909075,24.96623993,0.012718894,2,18,0.756
181,( chair & dining_table ) | ( person & tv ),DNF,"['memory_norm', 'acc_loss_norm', 'cost_norm']",weighted_min_max,"{'chair': 'model_16', 'dining_table': 'model_16', 'person': 'model_16', 'tv': 'model_16'}","['chair', 'dining_table', 'person', 'tv']",4,0.940333677,18,142909075,26.97134018,0.012718894,2,18,0.756
182,( chair & dining_table ) | ( person & tv ),DNF,"['cost_norm', 'memory_norm', 'acc_loss_norm']",weighted_min_max,"{'chair': 'model_16', 'dining_table': 'model_16', 'person': 'model_16', 'tv': 'model_16'}","['chair', 'dining_table', 'person', 'tv']",4,0.940333677,18,142909075,24.99771118,0.012718894,2,18,0.756
183,( chair & dining_table ) | ( person & tv ),DNF,"['cost_norm', 'acc_loss_norm', 'memory_norm']",weighted_min_max,"{'chair': 'model_16', 'dining_table': 'model_16', 'person': 'model_16', 'tv': 'model_16'}","['chair', 'dining_table', 'person', 'tv']",4,0.940333677,18,142909075,27.01330185,0.012718894,2,18,0.756
184,( chair & dining_table ) | ( person & tv ),DNF,"['acc_loss_norm', 'cost_norm', 'memory_norm']",weighted_min_max,"{'chair': 'model_16', 'dining_table': 'model_16', 'person': 'model_16', 'tv': 'model_16'}","['chair', 'dining_table', 'person', 'tv']",4,0.940333677,18,142909075,26.24297142,0.012718894,2,18,0.756
185,( chair & dining_table ) | ( person & tv ),DNF,"['acc_loss_norm', 'memory_norm', 'cost_norm']",weighted_min_max,"{'chair': 'model_16', 'dining_table': 'model_16', 'person': 'model_16', 'tv': 'model_16'}","['chair', 'dining_table', 'person', 'tv']",4,0.940333677,18,142909075,23.96178246,0.012718894,2,18,0.756
186,( chair & dining_table ) | ( person & tv ),DNF,"['memory_norm', 'cost_norm', 'acc_loss_norm']",greedy_MOO,"{'chair': 'model_46', 'dining_table': 'model_46', 'person': 'model_46', 'tv': 'model_46'}","['chair', 'dining_table', 'person', 'tv']",4,0.831089303,16,44347377,9.995698929,0.008060844,2,16,0.561
187,( chair & dining_table ) | ( person & tv ),DNF,"['memory_norm', 'acc_loss_norm', 'cost_norm']",greedy_MOO,"{'chair': 'model_46', 'dining_table': 'model_46', 'person': 'model_46', 'tv': 'model_46'}","['chair', 'dining_table', 'person', 'tv']",4,0.831089303,16,44347377,11.96885109,0.008060844,2,16,0.561
188,( chair & dining_table ) | ( person & tv ),DNF,"['cost_norm', 'memory_norm', 'acc_loss_norm']",greedy_MOO,"{'chair': 'model_46', 'dining_table': 'model_46', 'person': 'model_46', 'tv': 'model_46'}","['chair', 'dining_table', 'person', 'tv']",4,0.831089303,16,44347377,12.03227043,0.008060844,2,16,0.561
189,( chair & dining_table ) | ( person & tv ),DNF,"['cost_norm', 'acc_loss_norm', 'memory_norm']",greedy_MOO,"{'chair': 'model_46', 'dining_table': 'model_46', 'person': 'model_46', 'tv': 'model_46'}","['chair', 'dining_table', 'person', 'tv']",4,0.831089303,16,44347377,11.00158691,0.008060844,2,16,0.561
190,( chair & dining_table ) | ( person & tv ),DNF,"['acc_loss_norm', 'cost_norm', 'memory_norm']",greedy_MOO,"{'chair': 'model_46', 'dining_table': 'model_46', 'person': 'model_46', 'tv': 'model_46'}","['chair', 'dining_table', 'person', 'tv']",4,0.831089303,16,44347377,11.96336746,0.008060844,2,16,0.561
191,( chair & dining_table ) | ( person & tv ),DNF,"['acc_loss_norm', 'memory_norm', 'cost_norm']",greedy_MOO,"{'chair': 'model_46', 'dining_table': 'model_46', 'person': 'model_46', 'tv': 'model_46'}","['chair', 'dining_table', 'person', 'tv']",4,0.831089303,16,44347377,11.99769974,0.008060844,2,16,0.561
192,( bottle ) | ( dining_table & couch ) | ( person & chair ),DNF,"['memory_norm', 'cost_norm', 'acc_loss_norm']",weighted_sum,"{'bottle': 'model_16', 'dining_table': 'model_16', 'couch': 'model_16', 'person': 'model_16', 'chair': 'model_16'}","['bottle', 'dining_table', 'couch', 'person', 'chair']",5,0.981940355,18,142909075,20.00236511,0.013065782,2,18,0.771
193,( bottle ) | ( dining_table & couch ) | ( person & chair ),DNF,"['memory_norm', 'acc_loss_norm', 'cost_norm']",weighted_sum,"{'bottle': 'model_16', 'dining_table': 'model_16', 'couch': 'model_16', 'person': 'model_16', 'chair': 'model_16'}","['bottle', 'dining_table', 'couch', 'person', 'chair']",5,0.981940355,18,142909075,20.00164986,0.013065782,2,18,0.771
194,( bottle ) | ( dining_table & couch ) | ( person & chair ),DNF,"['cost_norm', 'memory_norm', 'acc_loss_norm']",weighted_sum,"{'bottle': 'model_16', 'dining_table': 'model_16', 'couch': 'model_16', 'person': 'model_16', 'chair': 'model_16'}","['bottle', 'dining_table', 'couch', 'person', 'chair']",5,0.981940355,18,142909075,20.96652985,0.013065782,2,18,0.771
195,( bottle ) | ( dining_table & couch ) | ( person & chair ),DNF,"['cost_norm', 'acc_loss_norm', 'memory_norm']",weighted_sum,"{'bottle': 'model_16', 'dining_table': 'model_16', 'couch': 'model_16', 'person': 'model_16', 'chair': 'model_16'}","['bottle', 'dining_table', 'couch', 'person', 'chair']",5,0.981940355,18,142909075,19.02651787,0.013065782,2,18,0.771
196,( bottle ) | ( dining_table & couch ) | ( person & chair ),DNF,"['acc_loss_norm', 'cost_norm', 'memory_norm']",weighted_sum,"{'bottle': 'model_16', 'dining_table': 'model_16', 'couch': 'model_16', 'person': 'model_16', 'chair': 'model_16'}","['bottle', 'dining_table', 'couch', 'person', 'chair']",5,0.981940355,18,142909075,19.99855042,0.013065782,2,18,0.771
197,( bottle ) | ( dining_table & couch ) | ( person & chair ),DNF,"['acc_loss_norm', 'memory_norm', 'cost_norm']",weighted_sum,"{'bottle': 'model_16', 'dining_table': 'model_16', 'couch': 'model_16', 'person': 'model_16', 'chair': 'model_16'}","['bottle', 'dining_table', 'couch', 'person', 'chair']",5,0.981940355,18,142909075,19.00243759,0.013065782,2,18,0.771
198,( bottle ) | ( dining_table & couch ) | ( person & chair ),DNF,"['memory_norm', 'cost_norm', 'acc_loss_norm']",lexicographic,"{'bottle': 'model_16', 'dining_table': 'model_16', 'couch': 'model_16', 'person': 'model_16', 'chair': 'model_16'}","['bottle', 'dining_table', 'couch', 'person', 'chair']",5,0.981940355,18,142909075,0.999450684,0.000689896,2,18,0.771
199,( bottle ) | ( dining_table & couch ) | ( person & chair ),DNF,"['memory_norm', 'acc_loss_norm', 'cost_norm']",lexicographic,"{'bottle': 'model_16', 'dining_table': 'model_16', 'couch': 'model_16', 'person': 'model_16', 'chair': 'model_16'}","['bottle', 'dining_table', 'couch', 'person', 'chair']",5,0.981940355,18,142909075,0.997781754,0.000689896,2,18,0.771
200,( bottle ) | ( dining_table & couch ) | ( person & chair ),DNF,"['cost_norm', 'memory_norm', 'acc_loss_norm']",lexicographic,"{'bottle': 'model_16', 'dining_table': 'model_16', 'couch': 'model_16', 'person': 'model_16', 'chair': 'model_16'}","['bottle', 'dining_table', 'couch', 'person', 'chair']",5,0.981940355,18,142909075,1.000165939,0.000689896,2,18,0.771
201,( bottle ) | ( dining_table & couch ) | ( person & chair ),DNF,"['cost_norm', 'acc_loss_norm', 'memory_norm']",lexicographic,"{'bottle': 'model_16', 'dining_table': 'model_16', 'couch': 'model_16', 'person': 'model_16', 'chair': 'model_16'}","['bottle', 'dining_table', 'couch', 'person', 'chair']",5,0.981940355,18,142909075,1.000642776,0.000689896,2,18,0.771
202,( bottle ) | ( dining_table & couch ) | ( person & chair ),DNF,"['acc_loss_norm', 'cost_norm', 'memory_norm']",lexicographic,"{'bottle': 'model_16', 'dining_table': 'model_16', 'couch': 'model_16', 'person': 'model_16', 'chair': 'model_16'}","['bottle', 'dining_table', 'couch', 'person', 'chair']",5,0.981940355,18,142909075,1.000642776,0.000689896,2,18,0.771
203,( bottle ) | ( dining_table & couch ) | ( person & chair ),DNF,"['acc_loss_norm', 'memory_norm', 'cost_norm']",lexicographic,"{'bottle': 'model_16', 'dining_table': 'model_16', 'couch': 'model_16', 'person': 'model_16', 'chair': 'model_16'}","['bottle', 'dining_table', 'couch', 'person', 'chair']",5,0.981940355,18,142909075,1.003026962,0.000689896,2,18,0.771
204,( bottle ) | ( dining_table & couch ) | ( person & chair ),DNF,"['memory_norm', 'cost_norm', 'acc_loss_norm']",weighted_min_max,"{'bottle': 'model_16', 'dining_table': 'model_16', 'couch': 'model_16', 'person': 'model_16', 'chair': 'model_16'}","['bottle', 'dining_table', 'couch', 'person', 'chair']",5,0.981940355,18,142909075,19.9637413,0.012604556,2,18,0.771
205,( bottle ) | ( dining_table & couch ) | ( person & chair ),DNF,"['memory_norm', 'acc_loss_norm', 'cost_norm']",weighted_min_max,"{'bottle': 'model_16', 'dining_table': 'model_16', 'couch': 'model_16', 'person': 'model_16', 'chair': 'model_16'}","['bottle', 'dining_table', 'couch', 'person', 'chair']",5,0.981940355,18,142909075,18.99790764,0.012604556,2,18,0.771
206,( bottle ) | ( dining_table & couch ) | ( person & chair ),DNF,"['cost_norm', 'memory_norm', 'acc_loss_norm']",weighted_min_max,"{'bottle': 'model_16', 'dining_table': 'model_16', 'couch': 'model_16', 'person': 'model_16', 'chair': 'model_16'}","['bottle', 'dining_table', 'couch', 'person', 'chair']",5,0.981940355,18,142909075,21.00253105,0.012604556,2,18,0.771
207,( bottle ) | ( dining_table & couch ) | ( person & chair ),DNF,"['cost_norm', 'acc_loss_norm', 'memory_norm']",weighted_min_max,"{'bottle': 'model_16', 'dining_table': 'model_16', 'couch': 'model_16', 'person': 'model_16', 'chair': 'model_16'}","['bottle', 'dining_table', 'couch', 'person', 'chair']",5,0.981940355,18,142909075,21.97670937,0.012604556,2,18,0.771
208,( bottle ) | ( dining_table & couch ) | ( person & chair ),DNF,"['acc_loss_norm', 'cost_norm', 'memory_norm']",weighted_min_max,"{'bottle': 'model_16', 'dining_table': 'model_16', 'couch': 'model_16', 'person': 'model_16', 'chair': 'model_16'}","['bottle', 'dining_table', 'couch', 'person', 'chair']",5,0.981940355,18,142909075,19.967556,0.012604556,2,18,0.771
209,( bottle ) | ( dining_table & couch ) | ( person & chair ),DNF,"['acc_loss_norm', 'memory_norm', 'cost_norm']",weighted_min_max,"{'bottle': 'model_16', 'dining_table': 'model_16', 'couch': 'model_16', 'person': 'model_16', 'chair': 'model_16'}","['bottle', 'dining_table', 'couch', 'person', 'chair']",5,0.981940355,18,142909075,20.99657059,0.012604556,2,18,0.771
210,( bottle ) | ( dining_table & couch ) | ( person & chair ),DNF,"['memory_norm', 'cost_norm', 'acc_loss_norm']",greedy_MOO,"{'bottle': 'model_66', 'dining_table': 'model_66', 'couch': 'model_66', 'person': 'model_66', 'chair': 'model_66'}","['bottle', 'dining_table', 'couch', 'person', 'chair']",5,0.954556946,85,135686683,14.99962807,0.010617454,2,82,0.722
211,( bottle ) | ( dining_table & couch ) | ( person & chair ),DNF,"['memory_norm', 'acc_loss_norm', 'cost_norm']",greedy_MOO,"{'bottle': 'model_66', 'dining_table': 'model_66', 'couch': 'model_66', 'person': 'model_66', 'chair': 'model_66'}","['bottle', 'dining_table', 'couch', 'person', 'chair']",5,0.954556946,85,135686683,14.00113106,0.010617454,2,82,0.722
212,( bottle ) | ( dining_table & couch ) | ( person & chair ),DNF,"['cost_norm', 'memory_norm', 'acc_loss_norm']",greedy_MOO,"{'bottle': 'model_66', 'dining_table': 'model_66', 'couch': 'model_66', 'person': 'model_66', 'chair': 'model_66'}","['bottle', 'dining_table', 'couch', 'person', 'chair']",5,0.954556946,85,135686683,15.96999168,0.010617454,2,82,0.722
213,( bottle ) | ( dining_table & couch ) | ( person & chair ),DNF,"['cost_norm', 'acc_loss_norm', 'memory_norm']",greedy_MOO,"{'bottle': 'model_66', 'dining_table': 'model_66', 'couch': 'model_66', 'person': 'model_66', 'chair': 'model_66'}","['bottle', 'dining_table', 'couch', 'person', 'chair']",5,0.954556946,85,135686683,14.00303841,0.010617454,2,82,0.722
214,( bottle ) | ( dining_table & couch ) | ( person & chair ),DNF,"['acc_loss_norm', 'cost_norm', 'memory_norm']",greedy_MOO,"{'bottle': 'model_66', 'dining_table': 'model_66', 'couch': 'model_66', 'person': 'model_66', 'chair': 'model_66'}","['bottle', 'dining_table', 'couch', 'person', 'chair']",5,0.954556946,85,135686683,15.99359512,0.010617454,2,82,0.722
215,( bottle ) | ( dining_table & couch ) | ( person & chair ),DNF,"['acc_loss_norm', 'memory_norm', 'cost_norm']",greedy_MOO,"{'bottle': 'model_66', 'dining_table': 'model_66', 'couch': 'model_66', 'person': 'model_66', 'chair': 'model_66'}","['bottle', 'dining_table', 'couch', 'person', 'chair']",5,0.954556946,85,135686683,15.99740982,0.010617454,2,82,0.722
216,( couch & potted_plant ) | ( person & dog ) | ( chair & dining_table ),DNF,"['memory_norm', 'cost_norm', 'acc_loss_norm']",weighted_sum,"{'couch': 'model_16', 'potted_plant': 'model_16', 'person': 'model_16', 'dog': 'model_16', 'chair': 'model_16', 'dining_table': 'model_16'}","['couch', 'potted_plant', 'person', 'dog', 'chair', 'dining_table']",6,0.962184428,18,142909075,21.95882797,0.015948788,2,18,0.717
217,( couch & potted_plant ) | ( person & dog ) | ( chair & dining_table ),DNF,"['memory_norm', 'acc_loss_norm', 'cost_norm']",weighted_sum,"{'couch': 'model_16', 'potted_plant': 'model_16', 'person': 'model_16', 'dog': 'model_16', 'chair': 'model_16', 'dining_table': 'model_16'}","['couch', 'potted_plant', 'person', 'dog', 'chair', 'dining_table']",6,0.962184428,18,142909075,22.0015049,0.015948788,2,18,0.717
218,( couch & potted_plant ) | ( person & dog ) | ( chair & dining_table ),DNF,"['cost_norm', 'memory_norm', 'acc_loss_norm']",weighted_sum,"{'couch': 'model_16', 'potted_plant': 'model_16', 'person': 'model_16', 'dog': 'model_16', 'chair': 'model_16', 'dining_table': 'model_16'}","['couch', 'potted_plant', 'person', 'dog', 'chair', 'dining_table']",6,0.962184428,18,142909075,23.97108078,0.015948788,2,18,0.717
219,( couch & potted_plant ) | ( person & dog ) | ( chair & dining_table ),DNF,"['cost_norm', 'acc_loss_norm', 'memory_norm']",weighted_sum,"{'couch': 'model_16', 'potted_plant': 'model_16', 'person': 'model_16', 'dog': 'model_16', 'chair': 'model_16', 'dining_table': 'model_16'}","['couch', 'potted_plant', 'person', 'dog', 'chair', 'dining_table']",6,0.962184428,18,142909075,22.00174332,0.015948788,2,18,0.717
220,( couch & potted_plant ) | ( person & dog ) | ( chair & dining_table ),DNF,"['acc_loss_norm', 'cost_norm', 'memory_norm']",weighted_sum,"{'couch': 'model_16', 'potted_plant': 'model_16', 'person': 'model_16', 'dog': 'model_16', 'chair': 'model_16', 'dining_table': 'model_16'}","['couch', 'potted_plant', 'person', 'dog', 'chair', 'dining_table']",6,0.962184428,18,142909075,22.96304703,0.015948788,2,18,0.717
221,( couch & potted_plant ) | ( person & dog ) | ( chair & dining_table ),DNF,"['acc_loss_norm', 'memory_norm', 'cost_norm']",weighted_sum,"{'couch': 'model_16', 'potted_plant': 'model_16', 'person': 'model_16', 'dog': 'model_16', 'chair': 'model_16', 'dining_table': 'model_16'}","['couch', 'potted_plant', 'person', 'dog', 'chair', 'dining_table']",6,0.962184428,18,142909075,20.9646225,0.015948788,2,18,0.717
222,( couch & potted_plant ) | ( person & dog ) | ( chair & dining_table ),DNF,"['memory_norm', 'cost_norm', 'acc_loss_norm']",lexicographic,"{'couch': 'model_16', 'potted_plant': 'model_16', 'person': 'model_16', 'dog': 'model_16', 'chair': 'model_16', 'dining_table': 'model_16'}","['couch', 'potted_plant', 'person', 'dog', 'chair', 'dining_table']",6,0.962184428,18,142909075,0.999450684,0.000807688,2,18,0.717
223,( couch & potted_plant ) | ( person & dog ) | ( chair & dining_table ),DNF,"['memory_norm', 'acc_loss_norm', 'cost_norm']",lexicographic,"{'couch': 'model_16', 'potted_plant': 'model_16', 'person': 'model_16', 'dog': 'model_16', 'chair': 'model_16', 'dining_table': 'model_16'}","['couch', 'potted_plant', 'person', 'dog', 'chair', 'dining_table']",6,0.962184428,18,142909075,0.9765625,0.000807688,2,18,0.717
224,( couch & potted_plant ) | ( person & dog ) | ( chair & dining_table ),DNF,"['cost_norm', 'memory_norm', 'acc_loss_norm']",lexicographic,"{'couch': 'model_16', 'potted_plant': 'model_16', 'person': 'model_16', 'dog': 'model_16', 'chair': 'model_16', 'dining_table': 'model_16'}","['couch', 'potted_plant', 'person', 'dog', 'chair', 'dining_table']",6,0.962184428,18,142909075,0.999689102,0.000807688,2,18,0.717
225,( couch & potted_plant ) | ( person & dog ) | ( chair & dining_table ),DNF,"['cost_norm', 'acc_loss_norm', 'memory_norm']",lexicographic,"{'couch': 'model_16', 'potted_plant': 'model_16', 'person': 'model_16', 'dog': 'model_16', 'chair': 'model_16', 'dining_table': 'model_16'}","['couch', 'potted_plant', 'person', 'dog', 'chair', 'dining_table']",6,0.962184428,18,142909075,0.997066498,0.000807688,2,18,0.717
226,( couch & potted_plant ) | ( person & dog ) | ( chair & dining_table ),DNF,"['acc_loss_norm', 'cost_norm', 'memory_norm']",lexicographic,"{'couch': 'model_16', 'potted_plant': 'model_16', 'person': 'model_16', 'dog': 'model_16', 'chair': 'model_16', 'dining_table': 'model_16'}","['couch', 'potted_plant', 'person', 'dog', 'chair', 'dining_table']",6,0.962184428,18,142909075,0.998497009,0.000807688,2,18,0.717
227,( couch & potted_plant ) | ( person & dog ) | ( chair & dining_table ),DNF,"['acc_loss_norm', 'memory_norm', 'cost_norm']",lexicographic,"{'couch': 'model_16', 'potted_plant': 'model_16', 'person': 'model_16', 'dog': 'model_16', 'chair': 'model_16', 'dining_table': 'model_16'}","['couch', 'potted_plant', 'person', 'dog', 'chair', 'dining_table']",6,0.962184428,18,142909075,0.998735428,0.000807688,2,18,0.717
228,( couch & potted_plant ) | ( person & dog ) | ( chair & dining_table ),DNF,"['memory_norm', 'cost_norm', 'acc_loss_norm']",weighted_min_max,"{'couch': 'model_16', 'potted_plant': 'model_16', 'person': 'model_16', 'dog': 'model_16', 'chair': 'model_16', 'dining_table': 'model_16'}","['couch', 'potted_plant', 'person', 'dog', 'chair', 'dining_table']",6,0.962184428,18,142909075,21.96645737,0.014913519,2,18,0.717
229,( couch & potted_plant ) | ( person & dog ) | ( chair & dining_table ),DNF,"['memory_norm', 'acc_loss_norm', 'cost_norm']",weighted_min_max,"{'couch': 'model_16', 'potted_plant': 'model_16', 'person': 'model_16', 'dog': 'model_16', 'chair': 'model_16', 'dining_table': 'model_16'}","['couch', 'potted_plant', 'person', 'dog', 'chair', 'dining_table']",6,0.962184428,18,142909075,21.97742462,0.014913519,2,18,0.717
230,( couch & potted_plant ) | ( person & dog ) | ( chair & dining_table ),DNF,"['cost_norm', 'memory_norm', 'acc_loss_norm']",weighted_min_max,"{'couch': 'model_16', 'potted_plant': 'model_16', 'person': 'model_16', 'dog': 'model_16', 'chair': 'model_16', 'dining_table': 'model_16'}","['couch', 'potted_plant', 'person', 'dog', 'chair', 'dining_table']",6,0.962184428,18,142909075,23.00238609,0.014913519,2,18,0.717
231,( couch & potted_plant ) | ( person & dog ) | ( chair & dining_table ),DNF,"['cost_norm', 'acc_loss_norm', 'memory_norm']",weighted_min_max,"{'couch': 'model_16', 'potted_plant': 'model_16', 'person': 'model_16', 'dog': 'model_16', 'chair': 'model_16', 'dining_table': 'model_16'}","['couch', 'potted_plant', 'person', 'dog', 'chair', 'dining_table']",6,0.962184428,18,142909075,21.96455002,0.014913519,2,18,0.717
232,( couch & potted_plant ) | ( person & dog ) | ( chair & dining_table ),DNF,"['acc_loss_norm', 'cost_norm', 'memory_norm']",weighted_min_max,"{'couch': 'model_16', 'potted_plant': 'model_16', 'person': 'model_16', 'dog': 'model_16', 'chair': 'model_16', 'dining_table': 'model_16'}","['couch', 'potted_plant', 'person', 'dog', 'chair', 'dining_table']",6,0.962184428,18,142909075,22.00102806,0.014913519,2,18,0.717
233,( couch & potted_plant ) | ( person & dog ) | ( chair & dining_table ),DNF,"['acc_loss_norm', 'memory_norm', 'cost_norm']",weighted_min_max,"{'couch': 'model_16', 'potted_plant': 'model_16', 'person': 'model_16', 'dog': 'model_16', 'chair': 'model_16', 'dining_table': 'model_16'}","['couch', 'potted_plant', 'person', 'dog', 'chair', 'dining_table']",6,0.962184428,18,142909075,20.9980011,0.014913519,2,18,0.717
234,( couch & potted_plant ) | ( person & dog ) | ( chair & dining_table ),DNF,"['memory_norm', 'cost_norm', 'acc_loss_norm']",greedy_MOO,"{'couch': 'model_71', 'potted_plant': 'model_71', 'person': 'model_71', 'dog': 'model_71', 'chair': 'model_71', 'dining_table': 'model_71'}","['couch', 'potted_plant', 'person', 'dog', 'chair', 'dining_table']",6,0.922738207,86,135686683,15.96069336,0.013188955,2,82,0.639
235,( couch & potted_plant ) | ( person & dog ) | ( chair & dining_table ),DNF,"['memory_norm', 'acc_loss_norm', 'cost_norm']",greedy_MOO,"{'couch': 'model_71', 'potted_plant': 'model_71', 'person': 'model_71', 'dog': 'model_71', 'chair': 'model_71', 'dining_table': 'model_71'}","['couch', 'potted_plant', 'person', 'dog', 'chair', 'dining_table']",6,0.922738207,86,135686683,17.96364784,0.013188955,2,82,0.639
236,( couch & potted_plant ) | ( person & dog ) | ( chair & dining_table ),DNF,"['cost_norm', 'memory_norm', 'acc_loss_norm']",greedy_MOO,"{'couch': 'model_71', 'potted_plant': 'model_71', 'person': 'model_71', 'dog': 'model_71', 'chair': 'model_71', 'dining_table': 'model_71'}","['couch', 'potted_plant', 'person', 'dog', 'chair', 'dining_table']",6,0.922738207,86,135686683,16.00074768,0.013188955,2,82,0.639
237,( couch & potted_plant ) | ( person & dog ) | ( chair & dining_table ),DNF,"['cost_norm', 'acc_loss_norm', 'memory_norm']",greedy_MOO,"{'couch': 'model_71', 'potted_plant': 'model_71', 'person': 'model_71', 'dog': 'model_71', 'chair': 'model_71', 'dining_table': 'model_71'}","['couch', 'potted_plant', 'person', 'dog', 'chair', 'dining_table']",6,0.922738207,86,135686683,17.00735092,0.013188955,2,82,0.639
238,( couch & potted_plant ) | ( person & dog ) | ( chair & dining_table ),DNF,"['acc_loss_norm', 'cost_norm', 'memory_norm']",greedy_MOO,"{'couch': 'model_71', 'potted_plant': 'model_71', 'person': 'model_71', 'dog': 'model_71', 'chair': 'model_71', 'dining_table': 'model_71'}","['couch', 'potted_plant', 'person', 'dog', 'chair', 'dining_table']",6,0.922738207,86,135686683,16.00217819,0.013188955,2,82,0.639
239,( couch & potted_plant ) | ( person & dog ) | ( chair & dining_table ),DNF,"['acc_loss_norm', 'memory_norm', 'cost_norm']",greedy_MOO,"{'couch': 'model_71', 'potted_plant': 'model_71', 'person': 'model_71', 'dog': 'model_71', 'chair': 'model_71', 'dining_table': 'model_71'}","['couch', 'potted_plant', 'person', 'dog', 'chair', 'dining_table']",6,0.922738207,86,135686683,16.00337029,0.013188955,2,82,0.639
