,query,NF,preference_type,MOO_method,model_selection,model_ordering,opt_acc,opt_cost,opt_mem,comp_time,work,output_flag
0,( person & car ),CNF,"['memory_norm', 'cost_norm', 'acc_loss_norm']",weighted_sum,"{'person': 'model_16', 'car': 'model_16'}","['person', 'car']",0.9951380000000001,18.0,142909075.0,10.999679565429688,0.004553573542323003,2
1,( person & car ),CNF,"['memory_norm', 'acc_loss_norm', 'cost_norm']",weighted_sum,"{'person': 'model_46', 'car': 'model_46'}","['person', 'car']",0.9820180000000144,16.0,44347377.0,10.000944137573242,0.00454228937206565,2
2,( person & car ),CNF,"['cost_norm', 'memory_norm', 'acc_loss_norm']",weighted_sum,"{'person': 'model_46', 'car': 'model_46'}","['person', 'car']",0.9820180000000144,16.0,44347377.0,11.034965515136719,0.004535255801235763,2
3,( person & car ),CNF,"['cost_norm', 'acc_loss_norm', 'memory_norm']",weighted_sum,"{'person': 'model_46', 'car': 'model_46'}","['person', 'car']",0.9820180000000144,16.0,44347377.0,10.998725891113281,0.004535463001235762,2
4,( person & car ),CNF,"['acc_loss_norm', 'cost_norm', 'memory_norm']",weighted_sum,"{'person': 'model_46', 'car': 'model_46'}","['person', 'car']",0.9820180000000144,16.0,44347377.0,10.014772415161133,0.004534542642812824,2
5,( person & car ),CNF,"['acc_loss_norm', 'memory_norm', 'cost_norm']",weighted_sum,"{'person': 'model_46', 'car': 'model_46'}","['person', 'car']",0.9820180000000144,16.0,44347377.0,8.99505615234375,0.004322631649592673,2
6,( person & car ),CNF,"['memory_norm', 'cost_norm', 'acc_loss_norm']",lexicographic,"{'person': 'model_6', 'car': 'model_6'}","['person', 'car']",0.995974,21.0,346926151.0,3.0012130737304688,0.0004217711478731942,2
7,( person & car ),CNF,"['memory_norm', 'acc_loss_norm', 'cost_norm']",lexicographic,"{'person': 'model_46', 'car': 'model_46'}","['person', 'car']",0.9820180000000001,16.0,44347377.0,0.99945068359375,0.00010465485714285714,2
8,( person & car ),CNF,"['cost_norm', 'memory_norm', 'acc_loss_norm']",lexicographic,"{'person': 'model_6', 'car': 'model_6'}","['person', 'car']",0.995974,21.0,346926151.0,1.0001659393310547,0.0004217631478731942,2
9,( person & car ),CNF,"['cost_norm', 'acc_loss_norm', 'memory_norm']",lexicographic,"{'person': 'model_46', 'car': 'model_46'}","['person', 'car']",0.9820180000000001,16.0,44347377.0,1.0342597961425781,0.00010465485714285714,2
10,( person & car ),CNF,"['acc_loss_norm', 'cost_norm', 'memory_norm']",lexicographic,"{'person': 'model_46', 'car': 'model_46'}","['person', 'car']",0.9820180000000001,15.999999999999886,44347377.0,0.9989738464355469,0.00026352514285714286,2
11,( person & car ),CNF,"['acc_loss_norm', 'memory_norm', 'cost_norm']",lexicographic,"{'person': 'model_46', 'car': 'model_46'}","['person', 'car']",0.9820180000000001,15.999999999999886,44347377.0,0.9963512420654297,0.00026352514285714286,2
12,( person & car ),CNF,"['memory_norm', 'cost_norm', 'acc_loss_norm']",weighted_min_max,"{'person': 'model_16', 'car': 'model_16'}","['person', 'car']",0.995138,18.0,142909075.0,11.966943740844727,0.003723148404204991,2
13,( person & car ),CNF,"['memory_norm', 'acc_loss_norm', 'cost_norm']",weighted_min_max,"{'person': 'model_16', 'car': 'model_16'}","['person', 'car']",0.995138,18.0,142909075.0,11.951208114624023,0.0034446265468863753,2
14,( person & car ),CNF,"['cost_norm', 'memory_norm', 'acc_loss_norm']",weighted_min_max,"{'person': 'model_16', 'car': 'model_16'}","['person', 'car']",0.995138,18.0,142909075.0,14.968156814575195,0.004767454432471509,2
15,( person & car ),CNF,"['cost_norm', 'acc_loss_norm', 'memory_norm']",weighted_min_max,"{'person': 'model_46', 'car': 'model_46'}","['person', 'car']",0.9820180000000001,16.0,44347377.0,12.012720108032227,0.00487211474615373,2
16,( person & car ),CNF,"['acc_loss_norm', 'cost_norm', 'memory_norm']",weighted_min_max,"{'person': 'model_46', 'car': 'model_46'}","['person', 'car']",0.9820180000000001,16.0,44347377.0,12.999534606933594,0.00438813657554241,2
17,( person & car ),CNF,"['acc_loss_norm', 'memory_norm', 'cost_norm']",weighted_min_max,"{'person': 'model_46', 'car': 'model_46'}","['person', 'car']",0.9820180000000001,16.0,44347377.0,11.000394821166992,0.003496001833595378,2
18,( person & car ),CNF,"['memory_norm', 'cost_norm', 'acc_loss_norm']",greedy_MOO,"{'person': 'model_46', 'car': 'model_46'}","['person', 'car']",0.9820179999999991,16.0,44347377.0,6.000041961669922,0.003505731103209916,2
19,( person & car ),CNF,"['memory_norm', 'acc_loss_norm', 'cost_norm']",greedy_MOO,"{'person': 'model_46', 'car': 'model_46'}","['person', 'car']",0.9820179999999991,16.0,44347377.0,6.968259811401367,0.003505731103209916,2
20,( person & car ),CNF,"['cost_norm', 'memory_norm', 'acc_loss_norm']",greedy_MOO,"{'person': 'model_46', 'car': 'model_46'}","['person', 'car']",0.9820179999999991,16.0,44347377.0,5.972146987915039,0.003505731103209916,2
21,( person & car ),CNF,"['cost_norm', 'acc_loss_norm', 'memory_norm']",greedy_MOO,"{'person': 'model_46', 'car': 'model_46'}","['person', 'car']",0.9820179999999991,16.0,44347377.0,6.960630416870117,0.003505731103209916,2
22,( person & car ),CNF,"['acc_loss_norm', 'cost_norm', 'memory_norm']",greedy_MOO,"{'person': 'model_46', 'car': 'model_46'}","['person', 'car']",0.9820179999999991,16.0,44347377.0,6.999492645263672,0.003505731103209916,2
23,( person & car ),CNF,"['acc_loss_norm', 'memory_norm', 'cost_norm']",greedy_MOO,"{'person': 'model_46', 'car': 'model_46'}","['person', 'car']",0.9820179999999991,16.0,44347377.0,6.996870040893555,0.003505731103209916,2
24,( bottle | tv ) & ( chair ),CNF,"['memory_norm', 'cost_norm', 'acc_loss_norm']",weighted_sum,"{'bottle': 'model_16', 'tv': 'model_16', 'chair': 'model_16'}","['bottle', 'tv', 'chair']",0.7945812160000014,18.0,142909075.0,13.003110885620117,0.006749656935956663,2
25,( bottle | tv ) & ( chair ),CNF,"['memory_norm', 'acc_loss_norm', 'cost_norm']",weighted_sum,"{'bottle': 'model_16', 'tv': 'model_16', 'chair': 'model_16'}","['bottle', 'tv', 'chair']",0.7945812160000131,18.0,142909075.0,14.967918395996094,0.0074448398761801145,2
26,( bottle | tv ) & ( chair ),CNF,"['cost_norm', 'memory_norm', 'acc_loss_norm']",weighted_sum,"{'bottle': 'model_16', 'tv': 'model_16', 'chair': 'model_16'}","['bottle', 'tv', 'chair']",0.7945812160000169,18.0,142909075.0,13.995885848999023,0.007429351039202999,2
27,( bottle | tv ) & ( chair ),CNF,"['cost_norm', 'acc_loss_norm', 'memory_norm']",weighted_sum,"{'bottle': 'model_16', 'tv': 'model_16', 'chair': 'model_16'}","['bottle', 'tv', 'chair']",0.794581216000002,18.0,142909075.0,13.000965118408203,0.007291799336499986,2
28,( bottle | tv ) & ( chair ),CNF,"['acc_loss_norm', 'cost_norm', 'memory_norm']",weighted_sum,"{'bottle': 'model_46', 'tv': 'model_46', 'chair': 'model_46'}","['bottle', 'tv', 'chair']",0.6044846080000861,16.0,44347377.0,13.960599899291992,0.0074562237233215135,2
29,( bottle | tv ) & ( chair ),CNF,"['acc_loss_norm', 'memory_norm', 'cost_norm']",weighted_sum,"{'bottle': 'model_46', 'tv': 'model_46', 'chair': 'model_46'}","['bottle', 'tv', 'chair']",0.6044846080000861,16.0,44347377.0,15.996456146240234,0.00749181499763013,2
30,( bottle | tv ) & ( chair ),CNF,"['memory_norm', 'cost_norm', 'acc_loss_norm']",lexicographic,"{'bottle': 'model_16', 'tv': 'model_11', 'chair': 'model_11'}","['bottle', 'tv', 'chair']",0.8117745119999998,42.0,705967558.0,2.0356178283691406,0.0008685526554144216,2
31,( bottle | tv ) & ( chair ),CNF,"['memory_norm', 'acc_loss_norm', 'cost_norm']",lexicographic,"{'bottle': 'model_46', 'tv': 'model_46', 'chair': 'model_46'}","['bottle', 'tv', 'chair']",0.604484608,16.0,44347377.0,0.0,0.00014346567567567568,2
32,( bottle | tv ) & ( chair ),CNF,"['cost_norm', 'memory_norm', 'acc_loss_norm']",lexicographic,"{'bottle': 'model_16', 'tv': 'model_11', 'chair': 'model_11'}","['bottle', 'tv', 'chair']",0.8117745119999998,42.0,705967558.0,2.9997825622558594,0.0008720095091181239,2
33,( bottle | tv ) & ( chair ),CNF,"['cost_norm', 'acc_loss_norm', 'memory_norm']",lexicographic,"{'bottle': 'model_46', 'tv': 'model_46', 'chair': 'model_46'}","['bottle', 'tv', 'chair']",0.604484608,16.0,44347377.0,0.0,0.00014346567567567568,2
34,( bottle | tv ) & ( chair ),CNF,"['acc_loss_norm', 'cost_norm', 'memory_norm']",lexicographic,"{'bottle': 'model_46', 'tv': 'model_46', 'chair': 'model_46'}","['bottle', 'tv', 'chair']",0.604484608,15.999999999999886,44347377.0,0.0,0.0003616353618010723,2
35,( bottle | tv ) & ( chair ),CNF,"['acc_loss_norm', 'memory_norm', 'cost_norm']",lexicographic,"{'bottle': 'model_46', 'tv': 'model_46', 'chair': 'model_46'}","['bottle', 'tv', 'chair']",0.604484608,15.999999999999886,44347377.0,0.9815692901611328,0.0003616353618010723,2
36,( bottle | tv ) & ( chair ),CNF,"['memory_norm', 'cost_norm', 'acc_loss_norm']",weighted_min_max,"{'bottle': 'model_16', 'tv': 'model_16', 'chair': 'model_16'}","['bottle', 'tv', 'chair']",0.794581216000002,18.0,142909075.0,9.997844696044922,0.004740544011224636,2
37,( bottle | tv ) & ( chair ),CNF,"['memory_norm', 'acc_loss_norm', 'cost_norm']",weighted_min_max,"{'bottle': 'model_16', 'tv': 'model_16', 'chair': 'model_16'}","['bottle', 'tv', 'chair']",0.794581216000002,18.0,142909075.0,9.999990463256836,0.004589258305403377,2
38,( bottle | tv ) & ( chair ),CNF,"['cost_norm', 'memory_norm', 'acc_loss_norm']",weighted_min_max,"{'bottle': 'model_16', 'tv': 'model_16', 'chair': 'model_16'}","['bottle', 'tv', 'chair']",0.794581216000002,18.0,142909075.0,15.000581741333008,0.0062054351832443845,2
39,( bottle | tv ) & ( chair ),CNF,"['cost_norm', 'acc_loss_norm', 'memory_norm']",weighted_min_max,"{'bottle': 'model_16', 'tv': 'model_16', 'chair': 'model_16'}","['bottle', 'tv', 'chair']",0.794581216000002,18.0,142909075.0,16.96610450744629,0.007553469576561444,2
40,( bottle | tv ) & ( chair ),CNF,"['acc_loss_norm', 'cost_norm', 'memory_norm']",weighted_min_max,"{'bottle': 'model_46', 'tv': 'model_46', 'chair': 'model_46'}","['bottle', 'tv', 'chair']",0.6044846079999995,16.0,44347377.0,14.986753463745117,0.0075341346981850485,2
41,( bottle | tv ) & ( chair ),CNF,"['acc_loss_norm', 'memory_norm', 'cost_norm']",weighted_min_max,"{'bottle': 'model_16', 'tv': 'model_16', 'chair': 'model_16'}","['bottle', 'tv', 'chair']",0.7945812160000048,18.0,142909075.0,16.963720321655273,0.005339591948797151,2
42,( bottle | tv ) & ( chair ),CNF,"['memory_norm', 'cost_norm', 'acc_loss_norm']",greedy_MOO,"{'bottle': 'model_46', 'tv': 'model_46', 'chair': 'model_46'}","['bottle', 'tv', 'chair']",0.6044846079999994,16.0,44347377.0,8.010149002075195,0.005373566970934871,2
43,( bottle | tv ) & ( chair ),CNF,"['memory_norm', 'acc_loss_norm', 'cost_norm']",greedy_MOO,"{'bottle': 'model_46', 'tv': 'model_46', 'chair': 'model_46'}","['bottle', 'tv', 'chair']",0.6044846079999994,16.0,44347377.0,7.997274398803711,0.005373566970934871,2
44,( bottle | tv ) & ( chair ),CNF,"['cost_norm', 'memory_norm', 'acc_loss_norm']",greedy_MOO,"{'bottle': 'model_46', 'tv': 'model_46', 'chair': 'model_46'}","['bottle', 'tv', 'chair']",0.6044846079999994,16.0,44347377.0,8.994817733764648,0.005373566970934871,2
45,( bottle | tv ) & ( chair ),CNF,"['cost_norm', 'acc_loss_norm', 'memory_norm']",greedy_MOO,"{'bottle': 'model_46', 'tv': 'model_46', 'chair': 'model_46'}","['bottle', 'tv', 'chair']",0.6044846079999994,16.0,44347377.0,9.003639221191406,0.005373566970934871,2
46,( bottle | tv ) & ( chair ),CNF,"['acc_loss_norm', 'cost_norm', 'memory_norm']",greedy_MOO,"{'bottle': 'model_46', 'tv': 'model_46', 'chair': 'model_46'}","['bottle', 'tv', 'chair']",0.6044846079999994,16.0,44347377.0,7.963418960571289,0.005373566970934871,2
47,( bottle | tv ) & ( chair ),CNF,"['acc_loss_norm', 'memory_norm', 'cost_norm']",greedy_MOO,"{'bottle': 'model_46', 'tv': 'model_46', 'chair': 'model_46'}","['bottle', 'tv', 'chair']",0.6044846079999994,16.0,44347377.0,8.00013542175293,0.005373566970934871,2
48,( person | dog ) & ( dining_table | couch ),CNF,"['memory_norm', 'cost_norm', 'acc_loss_norm']",weighted_sum,"{'person': 'model_16', 'dog': 'model_16', 'dining_table': 'model_16', 'couch': 'model_16'}","['person', 'dog', 'dining_table', 'couch']",0.950309961707999,18.0,142909075.0,14.997243881225586,0.009434764288188,2
49,( person | dog ) & ( dining_table | couch ),CNF,"['memory_norm', 'acc_loss_norm', 'cost_norm']",weighted_sum,"{'person': 'model_16', 'dog': 'model_16', 'dining_table': 'model_16', 'couch': 'model_16'}","['person', 'dog', 'dining_table', 'couch']",0.9503099617080044,18.0,142909075.0,16.962766647338867,0.009423294533642544,2
50,( person | dog ) & ( dining_table | couch ),CNF,"['cost_norm', 'memory_norm', 'acc_loss_norm']",weighted_sum,"{'person': 'model_16', 'dog': 'model_16', 'dining_table': 'model_16', 'couch': 'model_16'}","['person', 'dog', 'dining_table', 'couch']",0.9503099617080044,18.0,142909075.0,16.00170135498047,0.009423751533642543,2
51,( person | dog ) & ( dining_table | couch ),CNF,"['cost_norm', 'acc_loss_norm', 'memory_norm']",weighted_sum,"{'person': 'model_16', 'dog': 'model_16', 'dining_table': 'model_16', 'couch': 'model_16'}","['person', 'dog', 'dining_table', 'couch']",0.9503099617080204,18.0,142909075.0,14.000892639160156,0.009423430321521344,2
52,( person | dog ) & ( dining_table | couch ),CNF,"['acc_loss_norm', 'cost_norm', 'memory_norm']",weighted_sum,"{'person': 'model_16', 'dog': 'model_16', 'dining_table': 'model_16', 'couch': 'model_16'}","['person', 'dog', 'dining_table', 'couch']",0.9503099617080202,18.0,142909075.0,13.963699340820312,0.009423430321521344,2
53,( person | dog ) & ( dining_table | couch ),CNF,"['acc_loss_norm', 'memory_norm', 'cost_norm']",weighted_sum,"{'person': 'model_16', 'dog': 'model_16', 'dining_table': 'model_16', 'couch': 'model_16'}","['person', 'dog', 'dining_table', 'couch']",0.9503099617079975,18.0,142909075.0,14.985084533691406,0.009408429554854663,2
54,( person | dog ) & ( dining_table | couch ),CNF,"['memory_norm', 'cost_norm', 'acc_loss_norm']",lexicographic,"{'person': 'model_11', 'dog': 'model_11', 'dining_table': 'model_11', 'couch': 'model_16'}","['person', 'dog', 'dining_table', 'couch']",0.9551132929599997,42.0,705967558.0,5.998849868774414,0.0013025095582595095,2
55,( person | dog ) & ( dining_table | couch ),CNF,"['memory_norm', 'acc_loss_norm', 'cost_norm']",lexicographic,"{'person': 'model_16', 'dog': 'model_16', 'dining_table': 'model_16', 'couch': 'model_16'}","['person', 'dog', 'dining_table', 'couch']",0.9503099617079998,17.999999999999886,142909075.0,1.001119613647461,0.0005419609189189189,2
56,( person | dog ) & ( dining_table | couch ),CNF,"['cost_norm', 'memory_norm', 'acc_loss_norm']",lexicographic,"{'person': 'model_11', 'dog': 'model_11', 'dining_table': 'model_11', 'couch': 'model_16'}","['person', 'dog', 'dining_table', 'couch']",0.9551132929599997,42.0,705967558.0,2.9964447021484375,0.0012394411904817332,2
57,( person | dog ) & ( dining_table | couch ),CNF,"['cost_norm', 'acc_loss_norm', 'memory_norm']",lexicographic,"{'person': 'model_71', 'dog': 'model_71', 'dining_table': 'model_71', 'couch': 'model_71'}","['person', 'dog', 'dining_table', 'couch']",0.9115958380199998,86.0,135686683.0,15.005350112915039,0.007082287318696078,2
58,( person | dog ) & ( dining_table | couch ),CNF,"['acc_loss_norm', 'cost_norm', 'memory_norm']",lexicographic,"{'person': 'model_66', 'dog': 'model_66', 'dining_table': 'model_66', 'couch': 'model_66'}","['person', 'dog', 'dining_table', 'couch']",0.9107959761249999,85.0,135686683.0,12.996912002563477,0.006858147716777091,2
59,( person | dog ) & ( dining_table | couch ),CNF,"['acc_loss_norm', 'memory_norm', 'cost_norm']",lexicographic,"{'person': 'model_16', 'dog': 'model_16', 'dining_table': 'model_16', 'couch': 'model_16'}","['person', 'dog', 'dining_table', 'couch']",0.950309961708,18.0,142909075.0,0.9977817535400391,0.0005423719729729731,2
60,( person | dog ) & ( dining_table | couch ),CNF,"['memory_norm', 'cost_norm', 'acc_loss_norm']",weighted_min_max,"{'person': 'model_16', 'dog': 'model_16', 'dining_table': 'model_16', 'couch': 'model_16'}","['person', 'dog', 'dining_table', 'couch']",0.950309961707999,18.0,142909075.0,16.997814178466797,0.007172024157415009,2
61,( person | dog ) & ( dining_table | couch ),CNF,"['memory_norm', 'acc_loss_norm', 'cost_norm']",weighted_min_max,"{'person': 'model_16', 'dog': 'model_16', 'dining_table': 'model_16', 'couch': 'model_16'}","['person', 'dog', 'dining_table', 'couch']",0.9503099617080112,18.0,142909075.0,10.999679565429688,0.005292781562274209,2
62,( person | dog ) & ( dining_table | couch ),CNF,"['cost_norm', 'memory_norm', 'acc_loss_norm']",weighted_min_max,"{'person': 'model_16', 'dog': 'model_16', 'dining_table': 'model_16', 'couch': 'model_16'}","['person', 'dog', 'dining_table', 'couch']",0.9503099617080006,18.0,142909075.0,18.00084114074707,0.008702797697346701,2
63,( person | dog ) & ( dining_table | couch ),CNF,"['cost_norm', 'acc_loss_norm', 'memory_norm']",weighted_min_max,"{'person': 'model_16', 'dog': 'model_16', 'dining_table': 'model_16', 'couch': 'model_16'}","['person', 'dog', 'dining_table', 'couch']",0.9503099617080003,18.0,142909075.0,16.997814178466797,0.00860792643116593,2
64,( person | dog ) & ( dining_table | couch ),CNF,"['acc_loss_norm', 'cost_norm', 'memory_norm']",weighted_min_max,"{'person': 'model_16', 'dog': 'model_16', 'dining_table': 'model_16', 'couch': 'model_16'}","['person', 'dog', 'dining_table', 'couch']",0.9503099617080003,18.0,142909075.0,18.004655838012695,0.008605973244896717,2
65,( person | dog ) & ( dining_table | couch ),CNF,"['acc_loss_norm', 'memory_norm', 'cost_norm']",weighted_min_max,"{'person': 'model_16', 'dog': 'model_16', 'dining_table': 'model_16', 'couch': 'model_16'}","['person', 'dog', 'dining_table', 'couch']",0.9503099617080112,18.0,142909075.0,10.001659393310547,0.005084059179619985,2
66,( person | dog ) & ( dining_table | couch ),CNF,"['memory_norm', 'cost_norm', 'acc_loss_norm']",greedy_MOO,"{'person': 'model_66', 'dog': 'model_66', 'dining_table': 'model_66', 'couch': 'model_66'}","['person', 'dog', 'dining_table', 'couch']",0.9107959761249991,85.0,135686683.0,12.999773025512695,0.0075923503505304045,2
67,( person | dog ) & ( dining_table | couch ),CNF,"['memory_norm', 'acc_loss_norm', 'cost_norm']",greedy_MOO,"{'person': 'model_66', 'dog': 'model_66', 'dining_table': 'model_66', 'couch': 'model_66'}","['person', 'dog', 'dining_table', 'couch']",0.9107959761249991,85.0,135686683.0,11.99483871459961,0.0075923503505304045,2
68,( person | dog ) & ( dining_table | couch ),CNF,"['cost_norm', 'memory_norm', 'acc_loss_norm']",greedy_MOO,"{'person': 'model_66', 'dog': 'model_66', 'dining_table': 'model_66', 'couch': 'model_66'}","['person', 'dog', 'dining_table', 'couch']",0.9107959761249991,85.0,135686683.0,12.000083923339844,0.0075923503505304045,2
69,( person | dog ) & ( dining_table | couch ),CNF,"['cost_norm', 'acc_loss_norm', 'memory_norm']",greedy_MOO,"{'person': 'model_66', 'dog': 'model_66', 'dining_table': 'model_66', 'couch': 'model_66'}","['person', 'dog', 'dining_table', 'couch']",0.9107959761249991,85.0,135686683.0,12.974739074707031,0.0075923503505304045,2
70,( person | dog ) & ( dining_table | couch ),CNF,"['acc_loss_norm', 'cost_norm', 'memory_norm']",greedy_MOO,"{'person': 'model_66', 'dog': 'model_66', 'dining_table': 'model_66', 'couch': 'model_66'}","['person', 'dog', 'dining_table', 'couch']",0.9107959761249991,85.0,135686683.0,13.004541397094727,0.0075923503505304045,2
71,( person | dog ) & ( dining_table | couch ),CNF,"['acc_loss_norm', 'memory_norm', 'cost_norm']",greedy_MOO,"{'person': 'model_66', 'dog': 'model_66', 'dining_table': 'model_66', 'couch': 'model_66'}","['person', 'dog', 'dining_table', 'couch']",0.9107959761249991,85.0,135686683.0,13.001680374145508,0.0075923503505304045,2
72,( person ) & ( bottle | chair ) & ( dining_table | couch ),CNF,"['memory_norm', 'cost_norm', 'acc_loss_norm']",weighted_sum,"{'person': 'model_16', 'bottle': 'model_16', 'chair': 'model_16', 'dining_table': 'model_16', 'couch': 'model_16'}","['person', 'bottle', 'chair', 'dining_table', 'couch']",0.8867252451276222,18.0,142909075.0,17.97628402709961,0.012608724120210186,2
73,( person ) & ( bottle | chair ) & ( dining_table | couch ),CNF,"['memory_norm', 'acc_loss_norm', 'cost_norm']",weighted_sum,"{'person': 'model_16', 'bottle': 'model_16', 'chair': 'model_16', 'dining_table': 'model_16', 'couch': 'model_16'}","['person', 'bottle', 'chair', 'dining_table', 'couch']",0.8867252451276222,18.0,142909075.0,18.96381378173828,0.012576273820210182,2
74,( person ) & ( bottle | chair ) & ( dining_table | couch ),CNF,"['cost_norm', 'memory_norm', 'acc_loss_norm']",weighted_sum,"{'person': 'model_16', 'bottle': 'model_16', 'chair': 'model_16', 'dining_table': 'model_16', 'couch': 'model_16'}","['person', 'bottle', 'chair', 'dining_table', 'couch']",0.8867252451276222,18.0,142909075.0,19.97065544128418,0.012813778645587606,2
75,( person ) & ( bottle | chair ) & ( dining_table | couch ),CNF,"['cost_norm', 'acc_loss_norm', 'memory_norm']",weighted_sum,"{'person': 'model_16', 'bottle': 'model_16', 'chair': 'model_16', 'dining_table': 'model_16', 'couch': 'model_16'}","['person', 'bottle', 'chair', 'dining_table', 'couch']",0.8867252451276222,18.0,142909075.0,18.99552345275879,0.012775154859370596,2
76,( person ) & ( bottle | chair ) & ( dining_table | couch ),CNF,"['acc_loss_norm', 'cost_norm', 'memory_norm']",weighted_sum,"{'person': 'model_16', 'bottle': 'model_16', 'chair': 'model_16', 'dining_table': 'model_16', 'couch': 'model_16'}","['person', 'bottle', 'chair', 'dining_table', 'couch']",0.8867252451276222,18.0,142909075.0,18.962621688842773,0.012690435938728694,2
77,( person ) & ( bottle | chair ) & ( dining_table | couch ),CNF,"['acc_loss_norm', 'memory_norm', 'cost_norm']",weighted_sum,"{'person': 'model_16', 'bottle': 'model_16', 'chair': 'model_16', 'dining_table': 'model_16', 'couch': 'model_16'}","['person', 'bottle', 'chair', 'dining_table', 'couch']",0.8867252451276222,18.0,142909075.0,18.9669132232666,0.012576230920210183,2
78,( person ) & ( bottle | chair ) & ( dining_table | couch ),CNF,"['memory_norm', 'cost_norm', 'acc_loss_norm']",lexicographic,"{'person': 'model_11', 'bottle': 'model_16', 'chair': 'model_11', 'dining_table': 'model_11', 'couch': 'model_16'}","['person', 'bottle', 'chair', 'dining_table', 'couch']",0.89647154901952,42.0,705967558.0,4.000186920166016,0.0015212860315263381,2
79,( person ) & ( bottle | chair ) & ( dining_table | couch ),CNF,"['memory_norm', 'acc_loss_norm', 'cost_norm']",lexicographic,"{'person': 'model_16', 'bottle': 'model_16', 'chair': 'model_16', 'dining_table': 'model_16', 'couch': 'model_16'}","['person', 'bottle', 'chair', 'dining_table', 'couch']",0.8867252451276241,17.999999999999886,142909075.0,0.99945068359375,0.0006558603800904978,2
80,( person ) & ( bottle | chair ) & ( dining_table | couch ),CNF,"['cost_norm', 'memory_norm', 'acc_loss_norm']",lexicographic,"{'person': 'model_11', 'bottle': 'model_16', 'chair': 'model_11', 'dining_table': 'model_11', 'couch': 'model_16'}","['person', 'bottle', 'chair', 'dining_table', 'couch']",0.89647154901952,42.0,705967558.0,4.038810729980469,0.001551103361223309,2
81,( person ) & ( bottle | chair ) & ( dining_table | couch ),CNF,"['cost_norm', 'acc_loss_norm', 'memory_norm']",lexicographic,"{'person': 'model_71', 'bottle': 'model_71', 'chair': 'model_71', 'dining_table': 'model_71', 'couch': 'model_71'}","['person', 'bottle', 'chair', 'dining_table', 'couch']",0.8012888951184519,86.0,135686683.0,12.996196746826172,0.008580271159314031,2
82,( person ) & ( bottle | chair ) & ( dining_table | couch ),CNF,"['acc_loss_norm', 'cost_norm', 'memory_norm']",lexicographic,"{'person': 'model_66', 'bottle': 'model_66', 'chair': 'model_66', 'dining_table': 'model_66', 'couch': 'model_66'}","['person', 'bottle', 'chair', 'dining_table', 'couch']",0.8011005989174999,85.0,135686683.0,17.002344131469727,0.009236396222527789,2
83,( person ) & ( bottle | chair ) & ( dining_table | couch ),CNF,"['acc_loss_norm', 'memory_norm', 'cost_norm']",lexicographic,"{'person': 'model_16', 'bottle': 'model_16', 'chair': 'model_16', 'dining_table': 'model_16', 'couch': 'model_16'}","['person', 'bottle', 'chair', 'dining_table', 'couch']",0.8867252451276241,17.999999999999886,142909075.0,0.9970664978027344,0.0006562834343891403,2
84,( person ) & ( bottle | chair ) & ( dining_table | couch ),CNF,"['memory_norm', 'cost_norm', 'acc_loss_norm']",weighted_min_max,"{'person': 'model_16', 'bottle': 'model_16', 'chair': 'model_16', 'dining_table': 'model_16', 'couch': 'model_16'}","['person', 'bottle', 'chair', 'dining_table', 'couch']",0.8867252451276517,18.0,142909075.0,11.997699737548828,0.00742500586458511,2
85,( person ) & ( bottle | chair ) & ( dining_table | couch ),CNF,"['memory_norm', 'acc_loss_norm', 'cost_norm']",weighted_min_max,"{'person': 'model_16', 'bottle': 'model_16', 'chair': 'model_16', 'dining_table': 'model_16', 'couch': 'model_16'}","['person', 'bottle', 'chair', 'dining_table', 'couch']",0.8867252451276517,18.0,142909075.0,12.964725494384766,0.007429283777621252,2
86,( person ) & ( bottle | chair ) & ( dining_table | couch ),CNF,"['cost_norm', 'memory_norm', 'acc_loss_norm']",weighted_min_max,"{'person': 'model_16', 'bottle': 'model_16', 'chair': 'model_16', 'dining_table': 'model_16', 'couch': 'model_16'}","['person', 'bottle', 'chair', 'dining_table', 'couch']",0.8867252451276277,18.0,142909075.0,17.998456954956055,0.011694385995220727,2
87,( person ) & ( bottle | chair ) & ( dining_table | couch ),CNF,"['cost_norm', 'acc_loss_norm', 'memory_norm']",weighted_min_max,"{'person': 'model_16', 'bottle': 'model_16', 'chair': 'model_16', 'dining_table': 'model_16', 'couch': 'model_16'}","['person', 'bottle', 'chair', 'dining_table', 'couch']",0.8867252451276253,18.0,142909075.0,16.959667205810547,0.01155569766974816,2
88,( person ) & ( bottle | chair ) & ( dining_table | couch ),CNF,"['acc_loss_norm', 'cost_norm', 'memory_norm']",weighted_min_max,"{'person': 'model_16', 'bottle': 'model_16', 'chair': 'model_16', 'dining_table': 'model_16', 'couch': 'model_16'}","['person', 'bottle', 'chair', 'dining_table', 'couch']",0.8867252451276253,18.0,142909075.0,18.002033233642578,0.011879948699222926,2
89,( person ) & ( bottle | chair ) & ( dining_table | couch ),CNF,"['acc_loss_norm', 'memory_norm', 'cost_norm']",weighted_min_max,"{'person': 'model_16', 'bottle': 'model_16', 'chair': 'model_16', 'dining_table': 'model_16', 'couch': 'model_16'}","['person', 'bottle', 'chair', 'dining_table', 'couch']",0.8867252451276517,18.0,142909075.0,9.000778198242188,0.006879643005568655,2
90,( person ) & ( bottle | chair ) & ( dining_table | couch ),CNF,"['memory_norm', 'cost_norm', 'acc_loss_norm']",greedy_MOO,"{'person': 'model_66', 'bottle': 'model_66', 'chair': 'model_66', 'dining_table': 'model_66', 'couch': 'model_66'}","['person', 'bottle', 'chair', 'dining_table', 'couch']",0.8011005989174993,85.0,135686683.0,15.001058578491211,0.010384375074687468,2
91,( person ) & ( bottle | chair ) & ( dining_table | couch ),CNF,"['memory_norm', 'acc_loss_norm', 'cost_norm']",greedy_MOO,"{'person': 'model_66', 'bottle': 'model_66', 'chair': 'model_66', 'dining_table': 'model_66', 'couch': 'model_66'}","['person', 'bottle', 'chair', 'dining_table', 'couch']",0.8011005989174993,85.0,135686683.0,15.968084335327148,0.010384375074687468,2
92,( person ) & ( bottle | chair ) & ( dining_table | couch ),CNF,"['cost_norm', 'memory_norm', 'acc_loss_norm']",greedy_MOO,"{'person': 'model_66', 'bottle': 'model_66', 'chair': 'model_66', 'dining_table': 'model_66', 'couch': 'model_66'}","['person', 'bottle', 'chair', 'dining_table', 'couch']",0.8011005989174993,85.0,135686683.0,15.007495880126953,0.010384375074687468,2
93,( person ) & ( bottle | chair ) & ( dining_table | couch ),CNF,"['cost_norm', 'acc_loss_norm', 'memory_norm']",greedy_MOO,"{'person': 'model_66', 'bottle': 'model_66', 'chair': 'model_66', 'dining_table': 'model_66', 'couch': 'model_66'}","['person', 'bottle', 'chair', 'dining_table', 'couch']",0.8011005989174993,85.0,135686683.0,14.966011047363281,0.010384375074687468,2
94,( person ) & ( bottle | chair ) & ( dining_table | couch ),CNF,"['acc_loss_norm', 'cost_norm', 'memory_norm']",greedy_MOO,"{'person': 'model_66', 'bottle': 'model_66', 'chair': 'model_66', 'dining_table': 'model_66', 'couch': 'model_66'}","['person', 'bottle', 'chair', 'dining_table', 'couch']",0.8011005989174993,85.0,135686683.0,14.034509658813477,0.010384375074687468,2
95,( person ) & ( bottle | chair ) & ( dining_table | couch ),CNF,"['acc_loss_norm', 'memory_norm', 'cost_norm']",greedy_MOO,"{'person': 'model_66', 'bottle': 'model_66', 'chair': 'model_66', 'dining_table': 'model_66', 'couch': 'model_66'}","['person', 'bottle', 'chair', 'dining_table', 'couch']",0.8011005989174993,85.0,135686683.0,14.971256256103516,0.010384375074687468,2
96,( bottle | chair ) & ( dog | person ) & ( couch | dining_table ),CNF,"['memory_norm', 'cost_norm', 'acc_loss_norm']",weighted_sum,"{'bottle': 'model_16', 'chair': 'model_16', 'dog': 'model_16', 'person': 'model_16', 'couch': 'model_16', 'dining_table': 'model_16'}","['bottle', 'chair', 'dog', 'person', 'couch', 'dining_table']",0.9126605816450603,18.0,142909075.0,23.9713191986084,0.015942741817283012,2
97,( bottle | chair ) & ( dog | person ) & ( couch | dining_table ),CNF,"['memory_norm', 'acc_loss_norm', 'cost_norm']",weighted_sum,"{'bottle': 'model_16', 'chair': 'model_16', 'dog': 'model_16', 'person': 'model_16', 'couch': 'model_16', 'dining_table': 'model_16'}","['bottle', 'chair', 'dog', 'person', 'couch', 'dining_table']",0.9126605816450589,18.0,142909075.0,23.969173431396484,0.015941222380919377,2
98,( bottle | chair ) & ( dog | person ) & ( couch | dining_table ),CNF,"['cost_norm', 'memory_norm', 'acc_loss_norm']",weighted_sum,"{'bottle': 'model_16', 'chair': 'model_16', 'dog': 'model_16', 'person': 'model_16', 'couch': 'model_16', 'dining_table': 'model_16'}","['bottle', 'chair', 'dog', 'person', 'couch', 'dining_table']",0.9126605816450591,18.0,142909075.0,25.122404098510742,0.01599867986007244,2
99,( bottle | chair ) & ( dog | person ) & ( couch | dining_table ),CNF,"['cost_norm', 'acc_loss_norm', 'memory_norm']",weighted_sum,"{'bottle': 'model_16', 'chair': 'model_16', 'dog': 'model_16', 'person': 'model_16', 'couch': 'model_16', 'dining_table': 'model_16'}","['bottle', 'chair', 'dog', 'person', 'couch', 'dining_table']",0.9126605816450589,18.0,142909075.0,21.96669578552246,0.015701102460072447,2
100,( bottle | chair ) & ( dog | person ) & ( couch | dining_table ),CNF,"['acc_loss_norm', 'cost_norm', 'memory_norm']",weighted_sum,"{'bottle': 'model_16', 'chair': 'model_16', 'dog': 'model_16', 'person': 'model_16', 'couch': 'model_16', 'dining_table': 'model_16'}","['bottle', 'chair', 'dog', 'person', 'couch', 'dining_table']",0.9126605816450589,18.0,142909075.0,23.962974548339844,0.015903359751154814,2
101,( bottle | chair ) & ( dog | person ) & ( couch | dining_table ),CNF,"['acc_loss_norm', 'memory_norm', 'cost_norm']",weighted_sum,"{'bottle': 'model_16', 'chair': 'model_16', 'dog': 'model_16', 'person': 'model_16', 'couch': 'model_16', 'dining_table': 'model_16'}","['bottle', 'chair', 'dog', 'person', 'couch', 'dining_table']",0.9126605816450589,18.0,142909075.0,22.999048233032227,0.01594129068091938,2
102,( bottle | chair ) & ( dog | person ) & ( couch | dining_table ),CNF,"['memory_norm', 'cost_norm', 'acc_loss_norm']",lexicographic,"{'bottle': 'model_16', 'chair': 'model_11', 'dog': 'model_11', 'person': 'model_11', 'couch': 'model_16', 'dining_table': 'model_11'}","['bottle', 'chair', 'dog', 'person', 'couch', 'dining_table']",0.9201217623591319,42.0,705967558.0,8.002519607543945,0.002024285411889657,2
103,( bottle | chair ) & ( dog | person ) & ( couch | dining_table ),CNF,"['memory_norm', 'acc_loss_norm', 'cost_norm']",lexicographic,"{'bottle': 'model_16', 'chair': 'model_16', 'dog': 'model_16', 'person': 'model_16', 'couch': 'model_16', 'dining_table': 'model_16'}","['bottle', 'chair', 'dog', 'person', 'couch', 'dining_table']",0.9126605816450524,17.999999999999886,142909075.0,1.001119613647461,0.0008147543682170542,2
104,( bottle | chair ) & ( dog | person ) & ( couch | dining_table ),CNF,"['cost_norm', 'memory_norm', 'acc_loss_norm']",lexicographic,"{'bottle': 'model_16', 'chair': 'model_11', 'dog': 'model_11', 'person': 'model_11', 'couch': 'model_16', 'dining_table': 'model_11'}","['bottle', 'chair', 'dog', 'person', 'couch', 'dining_table']",0.9201217623591319,42.0,705967558.0,5.995512008666992,0.0021512439776905233,2
105,( bottle | chair ) & ( dog | person ) & ( couch | dining_table ),CNF,"['cost_norm', 'acc_loss_norm', 'memory_norm']",lexicographic,"{'bottle': 'model_71', 'chair': 'model_71', 'dog': 'model_71', 'person': 'model_71', 'couch': 'model_71', 'dining_table': 'model_71'}","['bottle', 'chair', 'dog', 'person', 'couch', 'dining_table']",0.8407274659764871,86.0,135686683.0,19.00172233581543,0.01177681691211214,2
106,( bottle | chair ) & ( dog | person ) & ( couch | dining_table ),CNF,"['acc_loss_norm', 'cost_norm', 'memory_norm']",lexicographic,"{'bottle': 'model_66', 'chair': 'model_66', 'dog': 'model_66', 'person': 'model_66', 'couch': 'model_66', 'dining_table': 'model_66'}","['bottle', 'chair', 'dog', 'person', 'couch', 'dining_table']",0.8366753995879473,85.0,135686683.0,19.000768661499023,0.01223584022086664,2
107,( bottle | chair ) & ( dog | person ) & ( couch | dining_table ),CNF,"['acc_loss_norm', 'memory_norm', 'cost_norm']",lexicographic,"{'bottle': 'model_16', 'chair': 'model_16', 'dog': 'model_16', 'person': 'model_16', 'couch': 'model_16', 'dining_table': 'model_16'}","['bottle', 'chair', 'dog', 'person', 'couch', 'dining_table']",0.9126605816450524,17.999999999999886,142909075.0,0.9992122650146484,0.000815129507751938,2
108,( bottle | chair ) & ( dog | person ) & ( couch | dining_table ),CNF,"['memory_norm', 'cost_norm', 'acc_loss_norm']",weighted_min_max,"{'bottle': 'model_16', 'chair': 'model_16', 'dog': 'model_16', 'person': 'model_16', 'couch': 'model_16', 'dining_table': 'model_16'}","['bottle', 'chair', 'dog', 'person', 'couch', 'dining_table']",0.9126605816450757,18.0,142909075.0,14.967918395996094,0.009466431909756844,2
109,( bottle | chair ) & ( dog | person ) & ( couch | dining_table ),CNF,"['memory_norm', 'acc_loss_norm', 'cost_norm']",weighted_min_max,"{'bottle': 'model_16', 'chair': 'model_16', 'dog': 'model_16', 'person': 'model_16', 'couch': 'model_16', 'dining_table': 'model_16'}","['bottle', 'chair', 'dog', 'person', 'couch', 'dining_table']",0.9126605816450757,18.0,142909075.0,12.957096099853516,0.00907737278495795,2
110,( bottle | chair ) & ( dog | person ) & ( couch | dining_table ),CNF,"['cost_norm', 'memory_norm', 'acc_loss_norm']",weighted_min_max,"{'bottle': 'model_16', 'chair': 'model_16', 'dog': 'model_16', 'person': 'model_16', 'couch': 'model_16', 'dining_table': 'model_16'}","['bottle', 'chair', 'dog', 'person', 'couch', 'dining_table']",0.9126605816450599,18.0,142909075.0,22.997617721557617,0.014459105046307232,2
111,( bottle | chair ) & ( dog | person ) & ( couch | dining_table ),CNF,"['cost_norm', 'acc_loss_norm', 'memory_norm']",weighted_min_max,"{'bottle': 'model_16', 'chair': 'model_16', 'dog': 'model_16', 'person': 'model_16', 'couch': 'model_16', 'dining_table': 'model_16'}","['bottle', 'chair', 'dog', 'person', 'couch', 'dining_table']",0.912660581645054,18.0,142909075.0,20.963430404663086,0.014483331397708788,2
112,( bottle | chair ) & ( dog | person ) & ( couch | dining_table ),CNF,"['acc_loss_norm', 'cost_norm', 'memory_norm']",weighted_min_max,"{'bottle': 'model_16', 'chair': 'model_16', 'dog': 'model_16', 'person': 'model_16', 'couch': 'model_16', 'dining_table': 'model_16'}","['bottle', 'chair', 'dog', 'person', 'couch', 'dining_table']",0.912660581645054,18.0,142909075.0,21.995067596435547,0.014367886179049319,2
113,( bottle | chair ) & ( dog | person ) & ( couch | dining_table ),CNF,"['acc_loss_norm', 'memory_norm', 'cost_norm']",weighted_min_max,"{'bottle': 'model_16', 'chair': 'model_16', 'dog': 'model_16', 'person': 'model_16', 'couch': 'model_16', 'dining_table': 'model_16'}","['bottle', 'chair', 'dog', 'person', 'couch', 'dining_table']",0.9126605816450757,18.0,142909075.0,12.006521224975586,0.008706380457812317,2
114,( bottle | chair ) & ( dog | person ) & ( couch | dining_table ),CNF,"['memory_norm', 'cost_norm', 'acc_loss_norm']",greedy_MOO,"{'bottle': 'model_66', 'chair': 'model_66', 'dog': 'model_66', 'person': 'model_66', 'couch': 'model_66', 'dining_table': 'model_66'}","['bottle', 'chair', 'dog', 'person', 'couch', 'dining_table']",0.8366753995879462,85.0,135686683.0,18.03731918334961,0.012718785061001865,2
115,( bottle | chair ) & ( dog | person ) & ( couch | dining_table ),CNF,"['memory_norm', 'acc_loss_norm', 'cost_norm']",greedy_MOO,"{'bottle': 'model_66', 'chair': 'model_66', 'dog': 'model_66', 'person': 'model_66', 'couch': 'model_66', 'dining_table': 'model_66'}","['bottle', 'chair', 'dog', 'person', 'couch', 'dining_table']",0.8366753995879462,85.0,135686683.0,17.963647842407227,0.012718785061001865,2
116,( bottle | chair ) & ( dog | person ) & ( couch | dining_table ),CNF,"['cost_norm', 'memory_norm', 'acc_loss_norm']",greedy_MOO,"{'bottle': 'model_66', 'chair': 'model_66', 'dog': 'model_66', 'person': 'model_66', 'couch': 'model_66', 'dining_table': 'model_66'}","['bottle', 'chair', 'dog', 'person', 'couch', 'dining_table']",0.8366753995879462,85.0,135686683.0,18.999338150024414,0.012718785061001865,2
117,( bottle | chair ) & ( dog | person ) & ( couch | dining_table ),CNF,"['cost_norm', 'acc_loss_norm', 'memory_norm']",greedy_MOO,"{'bottle': 'model_66', 'chair': 'model_66', 'dog': 'model_66', 'person': 'model_66', 'couch': 'model_66', 'dining_table': 'model_66'}","['bottle', 'chair', 'dog', 'person', 'couch', 'dining_table']",0.8366753995879462,85.0,135686683.0,17.96698570251465,0.012718785061001865,2
118,( bottle | chair ) & ( dog | person ) & ( couch | dining_table ),CNF,"['acc_loss_norm', 'cost_norm', 'memory_norm']",greedy_MOO,"{'bottle': 'model_66', 'chair': 'model_66', 'dog': 'model_66', 'person': 'model_66', 'couch': 'model_66', 'dining_table': 'model_66'}","['bottle', 'chair', 'dog', 'person', 'couch', 'dining_table']",0.8366753995879462,85.0,135686683.0,20.03645896911621,0.012718785061001865,2
119,( bottle | chair ) & ( dog | person ) & ( couch | dining_table ),CNF,"['acc_loss_norm', 'memory_norm', 'cost_norm']",greedy_MOO,"{'bottle': 'model_66', 'chair': 'model_66', 'dog': 'model_66', 'person': 'model_66', 'couch': 'model_66', 'dining_table': 'model_66'}","['bottle', 'chair', 'dog', 'person', 'couch', 'dining_table']",0.8366753995879462,85.0,135686683.0,18.999576568603516,0.012718785061001865,2
120,( chair | car ),DNF,"['memory_norm', 'cost_norm', 'acc_loss_norm']",weighted_sum,"{'chair': 'model_16', 'car': 'model_16'}","['chair', 'car']",0.6975979999999999,18.0,142909075.0,8.013248443603516,0.0037069284587441307,2
121,( chair | car ),DNF,"['memory_norm', 'acc_loss_norm', 'cost_norm']",weighted_sum,"{'chair': 'model_16', 'car': 'model_16'}","['chair', 'car']",0.6975979999999999,18.0,142909075.0,8.000612258911133,0.0037069284587441307,2
122,( chair | car ),DNF,"['cost_norm', 'memory_norm', 'acc_loss_norm']",weighted_sum,"{'chair': 'model_16', 'car': 'model_16'}","['chair', 'car']",0.6975979999999999,18.0,142909075.0,8.00013542175293,0.0037069284587441307,2
123,( chair | car ),DNF,"['cost_norm', 'acc_loss_norm', 'memory_norm']",weighted_sum,"{'chair': 'model_16', 'car': 'model_16'}","['chair', 'car']",0.6975979999999999,18.0,142909075.0,7.966518402099609,0.0037069284587441307,2
124,( chair | car ),DNF,"['acc_loss_norm', 'cost_norm', 'memory_norm']",weighted_sum,"{'chair': 'model_16', 'car': 'model_16'}","['chair', 'car']",0.6975979999999999,18.0,142909075.0,7.996320724487305,0.0037069284587441307,2
125,( chair | car ),DNF,"['acc_loss_norm', 'memory_norm', 'cost_norm']",weighted_sum,"{'chair': 'model_16', 'car': 'model_16'}","['chair', 'car']",0.6975979999999999,18.0,142909075.0,8.054018020629883,0.0037069284587441307,2
126,( chair | car ),DNF,"['memory_norm', 'cost_norm', 'acc_loss_norm']",lexicographic,"{'chair': 'model_46', 'car': 'model_46'}","['chair', 'car']",0.5259280000000001,16.0,44347377.0,0.0,0.0001086241388888889,2
127,( chair | car ),DNF,"['memory_norm', 'acc_loss_norm', 'cost_norm']",lexicographic,"{'chair': 'model_46', 'car': 'model_46'}","['chair', 'car']",0.5259280000000001,16.0,44347377.0,0.0,0.0001086241388888889,2
128,( chair | car ),DNF,"['cost_norm', 'memory_norm', 'acc_loss_norm']",lexicographic,"{'chair': 'model_46', 'car': 'model_46'}","['chair', 'car']",0.5259280000000001,16.0,44347377.0,0.0,0.0001086241388888889,2
129,( chair | car ),DNF,"['cost_norm', 'acc_loss_norm', 'memory_norm']",lexicographic,"{'chair': 'model_46', 'car': 'model_46'}","['chair', 'car']",0.5259280000000001,16.0,44347377.0,0.0,0.0001086241388888889,2
130,( chair | car ),DNF,"['acc_loss_norm', 'cost_norm', 'memory_norm']",lexicographic,"{'chair': 'model_46', 'car': 'model_46'}","['chair', 'car']",0.5259280000000001,16.0,44347377.0,1.0027885437011719,0.0001086241388888889,2
131,( chair | car ),DNF,"['acc_loss_norm', 'memory_norm', 'cost_norm']",lexicographic,"{'chair': 'model_46', 'car': 'model_46'}","['chair', 'car']",0.5259280000000001,16.0,44347377.0,0.9992122650146484,0.0001086241388888889,2
132,( chair | car ),DNF,"['memory_norm', 'cost_norm', 'acc_loss_norm']",weighted_min_max,"{'chair': 'model_16', 'car': 'model_16'}","['chair', 'car']",0.6975979999999999,18.0,142909075.0,10.00070571899414,0.004096460923208642,2
133,( chair | car ),DNF,"['memory_norm', 'acc_loss_norm', 'cost_norm']",weighted_min_max,"{'chair': 'model_16', 'car': 'model_16'}","['chair', 'car']",0.6975979999999999,18.0,142909075.0,7.996320724487305,0.004096460923208642,2
134,( chair | car ),DNF,"['cost_norm', 'memory_norm', 'acc_loss_norm']",weighted_min_max,"{'chair': 'model_16', 'car': 'model_16'}","['chair', 'car']",0.6975979999999999,18.0,142909075.0,7.967948913574219,0.004096460923208642,2
135,( chair | car ),DNF,"['cost_norm', 'acc_loss_norm', 'memory_norm']",weighted_min_max,"{'chair': 'model_16', 'car': 'model_16'}","['chair', 'car']",0.6975979999999999,18.0,142909075.0,7.957935333251953,0.004096460923208642,2
136,( chair | car ),DNF,"['acc_loss_norm', 'cost_norm', 'memory_norm']",weighted_min_max,"{'chair': 'model_16', 'car': 'model_16'}","['chair', 'car']",0.6975979999999999,18.0,142909075.0,7.960319519042969,0.004096460923208642,2
137,( chair | car ),DNF,"['acc_loss_norm', 'memory_norm', 'cost_norm']",weighted_min_max,"{'chair': 'model_16', 'car': 'model_16'}","['chair', 'car']",0.6975979999999999,18.0,142909075.0,8.999109268188477,0.004096460923208642,2
138,( chair | car ),DNF,"['memory_norm', 'cost_norm', 'acc_loss_norm']",greedy_MOO,"{'chair': 'model_46', 'car': 'model_46'}","['chair', 'car']",0.5259280000000001,16.0,44347377.0,5.964040756225586,0.003472162232735367,2
139,( chair | car ),DNF,"['memory_norm', 'acc_loss_norm', 'cost_norm']",greedy_MOO,"{'chair': 'model_46', 'car': 'model_46'}","['chair', 'car']",0.5259280000000001,16.0,44347377.0,7.011651992797852,0.003472162232735367,2
140,( chair | car ),DNF,"['cost_norm', 'memory_norm', 'acc_loss_norm']",greedy_MOO,"{'chair': 'model_46', 'car': 'model_46'}","['chair', 'car']",0.5259280000000001,16.0,44347377.0,6.999969482421875,0.003472162232735367,2
141,( chair | car ),DNF,"['cost_norm', 'acc_loss_norm', 'memory_norm']",greedy_MOO,"{'chair': 'model_46', 'car': 'model_46'}","['chair', 'car']",0.5259280000000001,16.0,44347377.0,5.97071647644043,0.003472162232735367,2
142,( chair | car ),DNF,"['acc_loss_norm', 'cost_norm', 'memory_norm']",greedy_MOO,"{'chair': 'model_46', 'car': 'model_46'}","['chair', 'car']",0.5259280000000001,16.0,44347377.0,6.981611251831055,0.003472162232735367,2
143,( chair | car ),DNF,"['acc_loss_norm', 'memory_norm', 'cost_norm']",greedy_MOO,"{'chair': 'model_46', 'car': 'model_46'}","['chair', 'car']",0.5259280000000001,16.0,44347377.0,5.003929138183594,0.003472162232735367,2
144,( tv & bottle ) | ( dining_table ),DNF,"['memory_norm', 'cost_norm', 'acc_loss_norm']",weighted_sum,"{'tv': 'model_16', 'bottle': 'model_16', 'dining_table': 'model_16'}","['tv', 'bottle', 'dining_table']",0.9135716720000017,18.0,142909075.0,13.001203536987305,0.00714522333685567,2
145,( tv & bottle ) | ( dining_table ),DNF,"['memory_norm', 'acc_loss_norm', 'cost_norm']",weighted_sum,"{'tv': 'model_16', 'bottle': 'model_16', 'dining_table': 'model_16'}","['tv', 'bottle', 'dining_table']",0.9135716720000017,18.0,142909075.0,11.963129043579102,0.00714522333685567,2
146,( tv & bottle ) | ( dining_table ),DNF,"['cost_norm', 'memory_norm', 'acc_loss_norm']",weighted_sum,"{'tv': 'model_16', 'bottle': 'model_16', 'dining_table': 'model_16'}","['tv', 'bottle', 'dining_table']",0.9135716720000017,18.0,142909075.0,14.002323150634766,0.00714522333685567,2
147,( tv & bottle ) | ( dining_table ),DNF,"['cost_norm', 'acc_loss_norm', 'memory_norm']",weighted_sum,"{'tv': 'model_16', 'bottle': 'model_16', 'dining_table': 'model_16'}","['tv', 'bottle', 'dining_table']",0.9135716720000017,18.0,142909075.0,13.962745666503906,0.00714522333685567,2
148,( tv & bottle ) | ( dining_table ),DNF,"['acc_loss_norm', 'cost_norm', 'memory_norm']",weighted_sum,"{'tv': 'model_16', 'bottle': 'model_16', 'dining_table': 'model_16'}","['tv', 'bottle', 'dining_table']",0.9135716720000017,18.0,142909075.0,12.968301773071289,0.00714522333685567,2
149,( tv & bottle ) | ( dining_table ),DNF,"['acc_loss_norm', 'memory_norm', 'cost_norm']",weighted_sum,"{'tv': 'model_16', 'bottle': 'model_16', 'dining_table': 'model_16'}","['tv', 'bottle', 'dining_table']",0.9135716720000017,18.0,142909075.0,12.963533401489258,0.00714522333685567,2
150,( tv & bottle ) | ( dining_table ),DNF,"['memory_norm', 'cost_norm', 'acc_loss_norm']",lexicographic,"{'tv': 'model_46', 'bottle': 'model_46', 'dining_table': 'model_46'}","['tv', 'bottle', 'dining_table']",0.78458304,16.0,44347377.0,0.0,0.00015298858816170145,2
151,( tv & bottle ) | ( dining_table ),DNF,"['memory_norm', 'acc_loss_norm', 'cost_norm']",lexicographic,"{'tv': 'model_46', 'bottle': 'model_46', 'dining_table': 'model_46'}","['tv', 'bottle', 'dining_table']",0.78458304,16.0,44347377.0,0.9989738464355469,0.00015298858816170145,2
152,( tv & bottle ) | ( dining_table ),DNF,"['cost_norm', 'memory_norm', 'acc_loss_norm']",lexicographic,"{'tv': 'model_46', 'bottle': 'model_46', 'dining_table': 'model_46'}","['tv', 'bottle', 'dining_table']",0.78458304,16.0,44347377.0,1.001596450805664,0.00015298858816170145,2
153,( tv & bottle ) | ( dining_table ),DNF,"['cost_norm', 'acc_loss_norm', 'memory_norm']",lexicographic,"{'tv': 'model_46', 'bottle': 'model_46', 'dining_table': 'model_46'}","['tv', 'bottle', 'dining_table']",0.78458304,16.0,44347377.0,0.0,0.00015298858816170145,2
154,( tv & bottle ) | ( dining_table ),DNF,"['acc_loss_norm', 'cost_norm', 'memory_norm']",lexicographic,"{'tv': 'model_46', 'bottle': 'model_46', 'dining_table': 'model_46'}","['tv', 'bottle', 'dining_table']",0.78458304,16.0,44347377.0,1.9910335540771484,0.00015298858816170145,2
155,( tv & bottle ) | ( dining_table ),DNF,"['acc_loss_norm', 'memory_norm', 'cost_norm']",lexicographic,"{'tv': 'model_46', 'bottle': 'model_46', 'dining_table': 'model_46'}","['tv', 'bottle', 'dining_table']",0.78458304,16.0,44347377.0,0.0,0.00015298858816170145,2
156,( tv & bottle ) | ( dining_table ),DNF,"['memory_norm', 'cost_norm', 'acc_loss_norm']",weighted_min_max,"{'tv': 'model_16', 'bottle': 'model_16', 'dining_table': 'model_16'}","['tv', 'bottle', 'dining_table']",0.913571672,18.0,142909075.0,16.963481903076172,0.008081467034054265,2
157,( tv & bottle ) | ( dining_table ),DNF,"['memory_norm', 'acc_loss_norm', 'cost_norm']",weighted_min_max,"{'tv': 'model_16', 'bottle': 'model_16', 'dining_table': 'model_16'}","['tv', 'bottle', 'dining_table']",0.913571672,18.0,142909075.0,16.967058181762695,0.008081467034054265,2
158,( tv & bottle ) | ( dining_table ),DNF,"['cost_norm', 'memory_norm', 'acc_loss_norm']",weighted_min_max,"{'tv': 'model_16', 'bottle': 'model_16', 'dining_table': 'model_16'}","['tv', 'bottle', 'dining_table']",0.913571672,18.0,142909075.0,17.997026443481445,0.008081467034054265,2
159,( tv & bottle ) | ( dining_table ),DNF,"['cost_norm', 'acc_loss_norm', 'memory_norm']",weighted_min_max,"{'tv': 'model_16', 'bottle': 'model_16', 'dining_table': 'model_16'}","['tv', 'bottle', 'dining_table']",0.913571672,18.0,142909075.0,17.97342300415039,0.008081467034054265,2
160,( tv & bottle ) | ( dining_table ),DNF,"['acc_loss_norm', 'cost_norm', 'memory_norm']",weighted_min_max,"{'tv': 'model_16', 'bottle': 'model_16', 'dining_table': 'model_16'}","['tv', 'bottle', 'dining_table']",0.913571672,18.0,142909075.0,20.996570587158203,0.008081467034054265,2
161,( tv & bottle ) | ( dining_table ),DNF,"['acc_loss_norm', 'memory_norm', 'cost_norm']",weighted_min_max,"{'tv': 'model_16', 'bottle': 'model_16', 'dining_table': 'model_16'}","['tv', 'bottle', 'dining_table']",0.913571672,18.0,142909075.0,16.963958740234375,0.008081467034054265,2
162,( tv & bottle ) | ( dining_table ),DNF,"['memory_norm', 'cost_norm', 'acc_loss_norm']",greedy_MOO,"{'tv': 'model_46', 'bottle': 'model_46', 'dining_table': 'model_46'}","['tv', 'bottle', 'dining_table']",0.7845830399999985,16.0,44347377.0,7.957935333251953,0.005361041832908185,2
163,( tv & bottle ) | ( dining_table ),DNF,"['memory_norm', 'acc_loss_norm', 'cost_norm']",greedy_MOO,"{'tv': 'model_46', 'bottle': 'model_46', 'dining_table': 'model_46'}","['tv', 'bottle', 'dining_table']",0.7845830399999985,16.0,44347377.0,8.00013542175293,0.005361041832908185,2
164,( tv & bottle ) | ( dining_table ),DNF,"['cost_norm', 'memory_norm', 'acc_loss_norm']",greedy_MOO,"{'tv': 'model_46', 'bottle': 'model_46', 'dining_table': 'model_46'}","['tv', 'bottle', 'dining_table']",0.7845830399999985,16.0,44347377.0,7.961511611938477,0.005361041832908185,2
165,( tv & bottle ) | ( dining_table ),DNF,"['cost_norm', 'acc_loss_norm', 'memory_norm']",greedy_MOO,"{'tv': 'model_46', 'bottle': 'model_46', 'dining_table': 'model_46'}","['tv', 'bottle', 'dining_table']",0.7845830399999985,16.0,44347377.0,7.999658584594727,0.005361041832908185,2
166,( tv & bottle ) | ( dining_table ),DNF,"['acc_loss_norm', 'cost_norm', 'memory_norm']",greedy_MOO,"{'tv': 'model_46', 'bottle': 'model_46', 'dining_table': 'model_46'}","['tv', 'bottle', 'dining_table']",0.7845830399999985,16.0,44347377.0,9.004592895507812,0.005361041832908185,2
167,( tv & bottle ) | ( dining_table ),DNF,"['acc_loss_norm', 'memory_norm', 'cost_norm']",greedy_MOO,"{'tv': 'model_46', 'bottle': 'model_46', 'dining_table': 'model_46'}","['tv', 'bottle', 'dining_table']",0.7845830399999985,16.0,44347377.0,12.997627258300781,0.005361041832908185,2
168,( chair & dining_table ) | ( person & tv ),DNF,"['memory_norm', 'cost_norm', 'acc_loss_norm']",weighted_sum,"{'chair': 'model_16', 'dining_table': 'model_16', 'person': 'model_16', 'tv': 'model_16'}","['chair', 'dining_table', 'person', 'tv']",0.9403336773440002,18.0,142909075.0,17.963171005249023,0.010999952643350568,2
169,( chair & dining_table ) | ( person & tv ),DNF,"['memory_norm', 'acc_loss_norm', 'cost_norm']",weighted_sum,"{'chair': 'model_16', 'dining_table': 'model_16', 'person': 'model_16', 'tv': 'model_16'}","['chair', 'dining_table', 'person', 'tv']",0.9403336773440002,18.0,142909075.0,18.971681594848633,0.010999952643350568,2
170,( chair & dining_table ) | ( person & tv ),DNF,"['cost_norm', 'memory_norm', 'acc_loss_norm']",weighted_sum,"{'chair': 'model_16', 'dining_table': 'model_16', 'person': 'model_16', 'tv': 'model_16'}","['chair', 'dining_table', 'person', 'tv']",0.9403336773440002,18.0,142909075.0,20.007610321044922,0.010999952643350568,2
171,( chair & dining_table ) | ( person & tv ),DNF,"['cost_norm', 'acc_loss_norm', 'memory_norm']",weighted_sum,"{'chair': 'model_16', 'dining_table': 'model_16', 'person': 'model_16', 'tv': 'model_16'}","['chair', 'dining_table', 'person', 'tv']",0.9403336773440002,18.0,142909075.0,17.96412467956543,0.010999952643350568,2
172,( chair & dining_table ) | ( person & tv ),DNF,"['acc_loss_norm', 'cost_norm', 'memory_norm']",weighted_sum,"{'chair': 'model_16', 'dining_table': 'model_16', 'person': 'model_16', 'tv': 'model_16'}","['chair', 'dining_table', 'person', 'tv']",0.9403336773440002,18.0,142909075.0,18.964290618896484,0.010999952643350568,2
173,( chair & dining_table ) | ( person & tv ),DNF,"['acc_loss_norm', 'memory_norm', 'cost_norm']",weighted_sum,"{'chair': 'model_16', 'dining_table': 'model_16', 'person': 'model_16', 'tv': 'model_16'}","['chair', 'dining_table', 'person', 'tv']",0.9403336773440002,18.0,142909075.0,18.973350524902344,0.010999952643350568,2
174,( chair & dining_table ) | ( person & tv ),DNF,"['memory_norm', 'cost_norm', 'acc_loss_norm']",lexicographic,"{'chair': 'model_46', 'dining_table': 'model_46', 'person': 'model_46', 'tv': 'model_46'}","['chair', 'dining_table', 'person', 'tv']",0.83108930304,16.0,44347377.0,0.99945068359375,0.0002287692639740968,2
175,( chair & dining_table ) | ( person & tv ),DNF,"['memory_norm', 'acc_loss_norm', 'cost_norm']",lexicographic,"{'chair': 'model_46', 'dining_table': 'model_46', 'person': 'model_46', 'tv': 'model_46'}","['chair', 'dining_table', 'person', 'tv']",0.83108930304,16.0,44347377.0,0.0,0.0002287692639740968,2
176,( chair & dining_table ) | ( person & tv ),DNF,"['cost_norm', 'memory_norm', 'acc_loss_norm']",lexicographic,"{'chair': 'model_46', 'dining_table': 'model_46', 'person': 'model_46', 'tv': 'model_46'}","['chair', 'dining_table', 'person', 'tv']",0.83108930304,16.0,44347377.0,0.0,0.0002287692639740968,2
177,( chair & dining_table ) | ( person & tv ),DNF,"['cost_norm', 'acc_loss_norm', 'memory_norm']",lexicographic,"{'chair': 'model_46', 'dining_table': 'model_46', 'person': 'model_46', 'tv': 'model_46'}","['chair', 'dining_table', 'person', 'tv']",0.83108930304,16.0,44347377.0,1.0042190551757812,0.0002287692639740968,2
178,( chair & dining_table ) | ( person & tv ),DNF,"['acc_loss_norm', 'cost_norm', 'memory_norm']",lexicographic,"{'chair': 'model_46', 'dining_table': 'model_46', 'person': 'model_46', 'tv': 'model_46'}","['chair', 'dining_table', 'person', 'tv']",0.83108930304,16.0,44347377.0,0.9946823120117188,0.0002287692639740968,2
179,( chair & dining_table ) | ( person & tv ),DNF,"['acc_loss_norm', 'memory_norm', 'cost_norm']",lexicographic,"{'chair': 'model_46', 'dining_table': 'model_46', 'person': 'model_46', 'tv': 'model_46'}","['chair', 'dining_table', 'person', 'tv']",0.83108930304,16.0,44347377.0,0.0,0.0002287692639740968,2
180,( chair & dining_table ) | ( person & tv ),DNF,"['memory_norm', 'cost_norm', 'acc_loss_norm']",weighted_min_max,"{'chair': 'model_16', 'dining_table': 'model_16', 'person': 'model_16', 'tv': 'model_16'}","['chair', 'dining_table', 'person', 'tv']",0.940333677344,18.0,142909075.0,24.96623992919922,0.012718894420862712,2
181,( chair & dining_table ) | ( person & tv ),DNF,"['memory_norm', 'acc_loss_norm', 'cost_norm']",weighted_min_max,"{'chair': 'model_16', 'dining_table': 'model_16', 'person': 'model_16', 'tv': 'model_16'}","['chair', 'dining_table', 'person', 'tv']",0.940333677344,18.0,142909075.0,26.97134017944336,0.012718894420862712,2
182,( chair & dining_table ) | ( person & tv ),DNF,"['cost_norm', 'memory_norm', 'acc_loss_norm']",weighted_min_max,"{'chair': 'model_16', 'dining_table': 'model_16', 'person': 'model_16', 'tv': 'model_16'}","['chair', 'dining_table', 'person', 'tv']",0.940333677344,18.0,142909075.0,24.997711181640625,0.012718894420862712,2
183,( chair & dining_table ) | ( person & tv ),DNF,"['cost_norm', 'acc_loss_norm', 'memory_norm']",weighted_min_max,"{'chair': 'model_16', 'dining_table': 'model_16', 'person': 'model_16', 'tv': 'model_16'}","['chair', 'dining_table', 'person', 'tv']",0.940333677344,18.0,142909075.0,27.013301849365234,0.012718894420862712,2
184,( chair & dining_table ) | ( person & tv ),DNF,"['acc_loss_norm', 'cost_norm', 'memory_norm']",weighted_min_max,"{'chair': 'model_16', 'dining_table': 'model_16', 'person': 'model_16', 'tv': 'model_16'}","['chair', 'dining_table', 'person', 'tv']",0.940333677344,18.0,142909075.0,26.242971420288086,0.012718894420862712,2
185,( chair & dining_table ) | ( person & tv ),DNF,"['acc_loss_norm', 'memory_norm', 'cost_norm']",weighted_min_max,"{'chair': 'model_16', 'dining_table': 'model_16', 'person': 'model_16', 'tv': 'model_16'}","['chair', 'dining_table', 'person', 'tv']",0.940333677344,18.0,142909075.0,23.961782455444336,0.012718894420862712,2
186,( chair & dining_table ) | ( person & tv ),DNF,"['memory_norm', 'cost_norm', 'acc_loss_norm']",greedy_MOO,"{'chair': 'model_46', 'dining_table': 'model_46', 'person': 'model_46', 'tv': 'model_46'}","['chair', 'dining_table', 'person', 'tv']",0.8310893030399982,16.0,44347377.0,9.995698928833008,0.008060844146368545,2
187,( chair & dining_table ) | ( person & tv ),DNF,"['memory_norm', 'acc_loss_norm', 'cost_norm']",greedy_MOO,"{'chair': 'model_46', 'dining_table': 'model_46', 'person': 'model_46', 'tv': 'model_46'}","['chair', 'dining_table', 'person', 'tv']",0.8310893030399982,16.0,44347377.0,11.968851089477539,0.008060844146368545,2
188,( chair & dining_table ) | ( person & tv ),DNF,"['cost_norm', 'memory_norm', 'acc_loss_norm']",greedy_MOO,"{'chair': 'model_46', 'dining_table': 'model_46', 'person': 'model_46', 'tv': 'model_46'}","['chair', 'dining_table', 'person', 'tv']",0.8310893030399982,16.0,44347377.0,12.032270431518555,0.008060844146368545,2
189,( chair & dining_table ) | ( person & tv ),DNF,"['cost_norm', 'acc_loss_norm', 'memory_norm']",greedy_MOO,"{'chair': 'model_46', 'dining_table': 'model_46', 'person': 'model_46', 'tv': 'model_46'}","['chair', 'dining_table', 'person', 'tv']",0.8310893030399982,16.0,44347377.0,11.0015869140625,0.008060844146368545,2
190,( chair & dining_table ) | ( person & tv ),DNF,"['acc_loss_norm', 'cost_norm', 'memory_norm']",greedy_MOO,"{'chair': 'model_46', 'dining_table': 'model_46', 'person': 'model_46', 'tv': 'model_46'}","['chair', 'dining_table', 'person', 'tv']",0.8310893030399982,16.0,44347377.0,11.963367462158203,0.008060844146368545,2
191,( chair & dining_table ) | ( person & tv ),DNF,"['acc_loss_norm', 'memory_norm', 'cost_norm']",greedy_MOO,"{'chair': 'model_46', 'dining_table': 'model_46', 'person': 'model_46', 'tv': 'model_46'}","['chair', 'dining_table', 'person', 'tv']",0.8310893030399982,16.0,44347377.0,11.997699737548828,0.008060844146368545,2
192,( bottle ) | ( dining_table & couch ) | ( person & chair ),DNF,"['memory_norm', 'cost_norm', 'acc_loss_norm']",weighted_sum,"{'bottle': 'model_16', 'dining_table': 'model_16', 'couch': 'model_16', 'person': 'model_16', 'chair': 'model_16'}","['bottle', 'dining_table', 'couch', 'person', 'chair']",0.981940355335624,18.0,142909075.0,20.002365112304688,0.013065781722948101,2
193,( bottle ) | ( dining_table & couch ) | ( person & chair ),DNF,"['memory_norm', 'acc_loss_norm', 'cost_norm']",weighted_sum,"{'bottle': 'model_16', 'dining_table': 'model_16', 'couch': 'model_16', 'person': 'model_16', 'chair': 'model_16'}","['bottle', 'dining_table', 'couch', 'person', 'chair']",0.981940355335624,18.0,142909075.0,20.001649856567383,0.013065781722948101,2
194,( bottle ) | ( dining_table & couch ) | ( person & chair ),DNF,"['cost_norm', 'memory_norm', 'acc_loss_norm']",weighted_sum,"{'bottle': 'model_16', 'dining_table': 'model_16', 'couch': 'model_16', 'person': 'model_16', 'chair': 'model_16'}","['bottle', 'dining_table', 'couch', 'person', 'chair']",0.981940355335624,18.0,142909075.0,20.966529846191406,0.013065781722948101,2
195,( bottle ) | ( dining_table & couch ) | ( person & chair ),DNF,"['cost_norm', 'acc_loss_norm', 'memory_norm']",weighted_sum,"{'bottle': 'model_16', 'dining_table': 'model_16', 'couch': 'model_16', 'person': 'model_16', 'chair': 'model_16'}","['bottle', 'dining_table', 'couch', 'person', 'chair']",0.981940355335624,18.0,142909075.0,19.026517868041992,0.013065781722948101,2
196,( bottle ) | ( dining_table & couch ) | ( person & chair ),DNF,"['acc_loss_norm', 'cost_norm', 'memory_norm']",weighted_sum,"{'bottle': 'model_16', 'dining_table': 'model_16', 'couch': 'model_16', 'person': 'model_16', 'chair': 'model_16'}","['bottle', 'dining_table', 'couch', 'person', 'chair']",0.981940355335624,18.0,142909075.0,19.998550415039062,0.013065781722948101,2
197,( bottle ) | ( dining_table & couch ) | ( person & chair ),DNF,"['acc_loss_norm', 'memory_norm', 'cost_norm']",weighted_sum,"{'bottle': 'model_16', 'dining_table': 'model_16', 'couch': 'model_16', 'person': 'model_16', 'chair': 'model_16'}","['bottle', 'dining_table', 'couch', 'person', 'chair']",0.981940355335624,18.0,142909075.0,19.002437591552734,0.013065781722948101,2
198,( bottle ) | ( dining_table & couch ) | ( person & chair ),DNF,"['memory_norm', 'cost_norm', 'acc_loss_norm']",lexicographic,"{'bottle': 'model_16', 'dining_table': 'model_16', 'couch': 'model_16', 'person': 'model_16', 'chair': 'model_16'}","['bottle', 'dining_table', 'couch', 'person', 'chair']",0.9819403553356241,17.999999999999886,142909075.0,0.99945068359375,0.0006898955290922798,2
199,( bottle ) | ( dining_table & couch ) | ( person & chair ),DNF,"['memory_norm', 'acc_loss_norm', 'cost_norm']",lexicographic,"{'bottle': 'model_16', 'dining_table': 'model_16', 'couch': 'model_16', 'person': 'model_16', 'chair': 'model_16'}","['bottle', 'dining_table', 'couch', 'person', 'chair']",0.9819403553356241,17.999999999999886,142909075.0,0.9977817535400391,0.0006898955290922798,2
200,( bottle ) | ( dining_table & couch ) | ( person & chair ),DNF,"['cost_norm', 'memory_norm', 'acc_loss_norm']",lexicographic,"{'bottle': 'model_16', 'dining_table': 'model_16', 'couch': 'model_16', 'person': 'model_16', 'chair': 'model_16'}","['bottle', 'dining_table', 'couch', 'person', 'chair']",0.9819403553356241,17.999999999999886,142909075.0,1.0001659393310547,0.0006898955290922798,2
201,( bottle ) | ( dining_table & couch ) | ( person & chair ),DNF,"['cost_norm', 'acc_loss_norm', 'memory_norm']",lexicographic,"{'bottle': 'model_16', 'dining_table': 'model_16', 'couch': 'model_16', 'person': 'model_16', 'chair': 'model_16'}","['bottle', 'dining_table', 'couch', 'person', 'chair']",0.9819403553356241,17.999999999999886,142909075.0,1.0006427764892578,0.0006898955290922798,2
202,( bottle ) | ( dining_table & couch ) | ( person & chair ),DNF,"['acc_loss_norm', 'cost_norm', 'memory_norm']",lexicographic,"{'bottle': 'model_16', 'dining_table': 'model_16', 'couch': 'model_16', 'person': 'model_16', 'chair': 'model_16'}","['bottle', 'dining_table', 'couch', 'person', 'chair']",0.9819403553356241,17.999999999999886,142909075.0,1.0006427764892578,0.0006898955290922798,2
203,( bottle ) | ( dining_table & couch ) | ( person & chair ),DNF,"['acc_loss_norm', 'memory_norm', 'cost_norm']",lexicographic,"{'bottle': 'model_16', 'dining_table': 'model_16', 'couch': 'model_16', 'person': 'model_16', 'chair': 'model_16'}","['bottle', 'dining_table', 'couch', 'person', 'chair']",0.9819403553356241,17.999999999999886,142909075.0,1.0030269622802734,0.0006898955290922798,2
204,( bottle ) | ( dining_table & couch ) | ( person & chair ),DNF,"['memory_norm', 'cost_norm', 'acc_loss_norm']",weighted_min_max,"{'bottle': 'model_16', 'dining_table': 'model_16', 'couch': 'model_16', 'person': 'model_16', 'chair': 'model_16'}","['bottle', 'dining_table', 'couch', 'person', 'chair']",0.981940355335624,18.0,142909075.0,19.963741302490234,0.012604555592368337,2
205,( bottle ) | ( dining_table & couch ) | ( person & chair ),DNF,"['memory_norm', 'acc_loss_norm', 'cost_norm']",weighted_min_max,"{'bottle': 'model_16', 'dining_table': 'model_16', 'couch': 'model_16', 'person': 'model_16', 'chair': 'model_16'}","['bottle', 'dining_table', 'couch', 'person', 'chair']",0.981940355335624,18.0,142909075.0,18.997907638549805,0.012604555592368337,2
206,( bottle ) | ( dining_table & couch ) | ( person & chair ),DNF,"['cost_norm', 'memory_norm', 'acc_loss_norm']",weighted_min_max,"{'bottle': 'model_16', 'dining_table': 'model_16', 'couch': 'model_16', 'person': 'model_16', 'chair': 'model_16'}","['bottle', 'dining_table', 'couch', 'person', 'chair']",0.981940355335624,18.0,142909075.0,21.002531051635742,0.012604555592368337,2
207,( bottle ) | ( dining_table & couch ) | ( person & chair ),DNF,"['cost_norm', 'acc_loss_norm', 'memory_norm']",weighted_min_max,"{'bottle': 'model_16', 'dining_table': 'model_16', 'couch': 'model_16', 'person': 'model_16', 'chair': 'model_16'}","['bottle', 'dining_table', 'couch', 'person', 'chair']",0.981940355335624,18.0,142909075.0,21.976709365844727,0.012604555592368337,2
208,( bottle ) | ( dining_table & couch ) | ( person & chair ),DNF,"['acc_loss_norm', 'cost_norm', 'memory_norm']",weighted_min_max,"{'bottle': 'model_16', 'dining_table': 'model_16', 'couch': 'model_16', 'person': 'model_16', 'chair': 'model_16'}","['bottle', 'dining_table', 'couch', 'person', 'chair']",0.981940355335624,18.0,142909075.0,19.96755599975586,0.012604555592368337,2
209,( bottle ) | ( dining_table & couch ) | ( person & chair ),DNF,"['acc_loss_norm', 'memory_norm', 'cost_norm']",weighted_min_max,"{'bottle': 'model_16', 'dining_table': 'model_16', 'couch': 'model_16', 'person': 'model_16', 'chair': 'model_16'}","['bottle', 'dining_table', 'couch', 'person', 'chair']",0.981940355335624,18.0,142909075.0,20.996570587158203,0.012604555592368337,2
210,( bottle ) | ( dining_table & couch ) | ( person & chair ),DNF,"['memory_norm', 'cost_norm', 'acc_loss_norm']",greedy_MOO,"{'bottle': 'model_66', 'dining_table': 'model_66', 'couch': 'model_66', 'person': 'model_66', 'chair': 'model_66'}","['bottle', 'dining_table', 'couch', 'person', 'chair']",0.9545569455424922,85.0,135686683.0,14.999628067016602,0.010617454259828766,2
211,( bottle ) | ( dining_table & couch ) | ( person & chair ),DNF,"['memory_norm', 'acc_loss_norm', 'cost_norm']",greedy_MOO,"{'bottle': 'model_66', 'dining_table': 'model_66', 'couch': 'model_66', 'person': 'model_66', 'chair': 'model_66'}","['bottle', 'dining_table', 'couch', 'person', 'chair']",0.9545569455424922,85.0,135686683.0,14.001131057739258,0.010617454259828766,2
212,( bottle ) | ( dining_table & couch ) | ( person & chair ),DNF,"['cost_norm', 'memory_norm', 'acc_loss_norm']",greedy_MOO,"{'bottle': 'model_66', 'dining_table': 'model_66', 'couch': 'model_66', 'person': 'model_66', 'chair': 'model_66'}","['bottle', 'dining_table', 'couch', 'person', 'chair']",0.9545569455424922,85.0,135686683.0,15.969991683959961,0.010617454259828766,2
213,( bottle ) | ( dining_table & couch ) | ( person & chair ),DNF,"['cost_norm', 'acc_loss_norm', 'memory_norm']",greedy_MOO,"{'bottle': 'model_66', 'dining_table': 'model_66', 'couch': 'model_66', 'person': 'model_66', 'chair': 'model_66'}","['bottle', 'dining_table', 'couch', 'person', 'chair']",0.9545569455424922,85.0,135686683.0,14.00303840637207,0.010617454259828766,2
214,( bottle ) | ( dining_table & couch ) | ( person & chair ),DNF,"['acc_loss_norm', 'cost_norm', 'memory_norm']",greedy_MOO,"{'bottle': 'model_66', 'dining_table': 'model_66', 'couch': 'model_66', 'person': 'model_66', 'chair': 'model_66'}","['bottle', 'dining_table', 'couch', 'person', 'chair']",0.9545569455424922,85.0,135686683.0,15.993595123291016,0.010617454259828766,2
215,( bottle ) | ( dining_table & couch ) | ( person & chair ),DNF,"['acc_loss_norm', 'memory_norm', 'cost_norm']",greedy_MOO,"{'bottle': 'model_66', 'dining_table': 'model_66', 'couch': 'model_66', 'person': 'model_66', 'chair': 'model_66'}","['bottle', 'dining_table', 'couch', 'person', 'chair']",0.9545569455424922,85.0,135686683.0,15.99740982055664,0.010617454259828766,2
216,( couch & potted_plant ) | ( person & dog ) | ( chair & dining_table ),DNF,"['memory_norm', 'cost_norm', 'acc_loss_norm']",weighted_sum,"{'couch': 'model_16', 'potted_plant': 'model_16', 'person': 'model_16', 'dog': 'model_16', 'chair': 'model_16', 'dining_table': 'model_16'}","['couch', 'potted_plant', 'person', 'dog', 'chair', 'dining_table']",0.9621844284752088,18.0,142909075.0,21.95882797241211,0.015948787800307125,2
217,( couch & potted_plant ) | ( person & dog ) | ( chair & dining_table ),DNF,"['memory_norm', 'acc_loss_norm', 'cost_norm']",weighted_sum,"{'couch': 'model_16', 'potted_plant': 'model_16', 'person': 'model_16', 'dog': 'model_16', 'chair': 'model_16', 'dining_table': 'model_16'}","['couch', 'potted_plant', 'person', 'dog', 'chair', 'dining_table']",0.9621844284752088,18.0,142909075.0,22.00150489807129,0.015948787800307125,2
218,( couch & potted_plant ) | ( person & dog ) | ( chair & dining_table ),DNF,"['cost_norm', 'memory_norm', 'acc_loss_norm']",weighted_sum,"{'couch': 'model_16', 'potted_plant': 'model_16', 'person': 'model_16', 'dog': 'model_16', 'chair': 'model_16', 'dining_table': 'model_16'}","['couch', 'potted_plant', 'person', 'dog', 'chair', 'dining_table']",0.9621844284752088,18.0,142909075.0,23.971080780029297,0.015948787800307125,2
219,( couch & potted_plant ) | ( person & dog ) | ( chair & dining_table ),DNF,"['cost_norm', 'acc_loss_norm', 'memory_norm']",weighted_sum,"{'couch': 'model_16', 'potted_plant': 'model_16', 'person': 'model_16', 'dog': 'model_16', 'chair': 'model_16', 'dining_table': 'model_16'}","['couch', 'potted_plant', 'person', 'dog', 'chair', 'dining_table']",0.9621844284752088,18.0,142909075.0,22.00174331665039,0.015948787800307125,2
220,( couch & potted_plant ) | ( person & dog ) | ( chair & dining_table ),DNF,"['acc_loss_norm', 'cost_norm', 'memory_norm']",weighted_sum,"{'couch': 'model_16', 'potted_plant': 'model_16', 'person': 'model_16', 'dog': 'model_16', 'chair': 'model_16', 'dining_table': 'model_16'}","['couch', 'potted_plant', 'person', 'dog', 'chair', 'dining_table']",0.9621844284752088,18.0,142909075.0,22.96304702758789,0.015948787800307125,2
221,( couch & potted_plant ) | ( person & dog ) | ( chair & dining_table ),DNF,"['acc_loss_norm', 'memory_norm', 'cost_norm']",weighted_sum,"{'couch': 'model_16', 'potted_plant': 'model_16', 'person': 'model_16', 'dog': 'model_16', 'chair': 'model_16', 'dining_table': 'model_16'}","['couch', 'potted_plant', 'person', 'dog', 'chair', 'dining_table']",0.9621844284752088,18.0,142909075.0,20.964622497558594,0.015948787800307125,2
222,( couch & potted_plant ) | ( person & dog ) | ( chair & dining_table ),DNF,"['memory_norm', 'cost_norm', 'acc_loss_norm']",lexicographic,"{'couch': 'model_16', 'potted_plant': 'model_16', 'person': 'model_16', 'dog': 'model_16', 'chair': 'model_16', 'dining_table': 'model_16'}","['couch', 'potted_plant', 'person', 'dog', 'chair', 'dining_table']",0.9621844284752202,17.999999999999886,142909075.0,0.99945068359375,0.0008076879037822471,2
223,( couch & potted_plant ) | ( person & dog ) | ( chair & dining_table ),DNF,"['memory_norm', 'acc_loss_norm', 'cost_norm']",lexicographic,"{'couch': 'model_16', 'potted_plant': 'model_16', 'person': 'model_16', 'dog': 'model_16', 'chair': 'model_16', 'dining_table': 'model_16'}","['couch', 'potted_plant', 'person', 'dog', 'chair', 'dining_table']",0.9621844284752202,17.999999999999886,142909075.0,0.9765625,0.0008076879037822471,2
224,( couch & potted_plant ) | ( person & dog ) | ( chair & dining_table ),DNF,"['cost_norm', 'memory_norm', 'acc_loss_norm']",lexicographic,"{'couch': 'model_16', 'potted_plant': 'model_16', 'person': 'model_16', 'dog': 'model_16', 'chair': 'model_16', 'dining_table': 'model_16'}","['couch', 'potted_plant', 'person', 'dog', 'chair', 'dining_table']",0.9621844284752202,17.999999999999886,142909075.0,0.9996891021728516,0.0008076879037822471,2
225,( couch & potted_plant ) | ( person & dog ) | ( chair & dining_table ),DNF,"['cost_norm', 'acc_loss_norm', 'memory_norm']",lexicographic,"{'couch': 'model_16', 'potted_plant': 'model_16', 'person': 'model_16', 'dog': 'model_16', 'chair': 'model_16', 'dining_table': 'model_16'}","['couch', 'potted_plant', 'person', 'dog', 'chair', 'dining_table']",0.9621844284752202,17.999999999999886,142909075.0,0.9970664978027344,0.0008076879037822471,2
226,( couch & potted_plant ) | ( person & dog ) | ( chair & dining_table ),DNF,"['acc_loss_norm', 'cost_norm', 'memory_norm']",lexicographic,"{'couch': 'model_16', 'potted_plant': 'model_16', 'person': 'model_16', 'dog': 'model_16', 'chair': 'model_16', 'dining_table': 'model_16'}","['couch', 'potted_plant', 'person', 'dog', 'chair', 'dining_table']",0.9621844284752202,17.999999999999886,142909075.0,0.9984970092773438,0.0008076879037822471,2
227,( couch & potted_plant ) | ( person & dog ) | ( chair & dining_table ),DNF,"['acc_loss_norm', 'memory_norm', 'cost_norm']",lexicographic,"{'couch': 'model_16', 'potted_plant': 'model_16', 'person': 'model_16', 'dog': 'model_16', 'chair': 'model_16', 'dining_table': 'model_16'}","['couch', 'potted_plant', 'person', 'dog', 'chair', 'dining_table']",0.9621844284752202,17.999999999999886,142909075.0,0.9987354278564453,0.0008076879037822471,2
228,( couch & potted_plant ) | ( person & dog ) | ( chair & dining_table ),DNF,"['memory_norm', 'cost_norm', 'acc_loss_norm']",weighted_min_max,"{'couch': 'model_16', 'potted_plant': 'model_16', 'person': 'model_16', 'dog': 'model_16', 'chair': 'model_16', 'dining_table': 'model_16'}","['couch', 'potted_plant', 'person', 'dog', 'chair', 'dining_table']",0.9621844284752202,18.0,142909075.0,21.96645736694336,0.0149135185593036,2
229,( couch & potted_plant ) | ( person & dog ) | ( chair & dining_table ),DNF,"['memory_norm', 'acc_loss_norm', 'cost_norm']",weighted_min_max,"{'couch': 'model_16', 'potted_plant': 'model_16', 'person': 'model_16', 'dog': 'model_16', 'chair': 'model_16', 'dining_table': 'model_16'}","['couch', 'potted_plant', 'person', 'dog', 'chair', 'dining_table']",0.9621844284752202,18.0,142909075.0,21.97742462158203,0.0149135185593036,2
230,( couch & potted_plant ) | ( person & dog ) | ( chair & dining_table ),DNF,"['cost_norm', 'memory_norm', 'acc_loss_norm']",weighted_min_max,"{'couch': 'model_16', 'potted_plant': 'model_16', 'person': 'model_16', 'dog': 'model_16', 'chair': 'model_16', 'dining_table': 'model_16'}","['couch', 'potted_plant', 'person', 'dog', 'chair', 'dining_table']",0.9621844284752202,18.0,142909075.0,23.00238609313965,0.0149135185593036,2
231,( couch & potted_plant ) | ( person & dog ) | ( chair & dining_table ),DNF,"['cost_norm', 'acc_loss_norm', 'memory_norm']",weighted_min_max,"{'couch': 'model_16', 'potted_plant': 'model_16', 'person': 'model_16', 'dog': 'model_16', 'chair': 'model_16', 'dining_table': 'model_16'}","['couch', 'potted_plant', 'person', 'dog', 'chair', 'dining_table']",0.9621844284752202,18.0,142909075.0,21.964550018310547,0.0149135185593036,2
232,( couch & potted_plant ) | ( person & dog ) | ( chair & dining_table ),DNF,"['acc_loss_norm', 'cost_norm', 'memory_norm']",weighted_min_max,"{'couch': 'model_16', 'potted_plant': 'model_16', 'person': 'model_16', 'dog': 'model_16', 'chair': 'model_16', 'dining_table': 'model_16'}","['couch', 'potted_plant', 'person', 'dog', 'chair', 'dining_table']",0.9621844284752202,18.0,142909075.0,22.001028060913086,0.0149135185593036,2
233,( couch & potted_plant ) | ( person & dog ) | ( chair & dining_table ),DNF,"['acc_loss_norm', 'memory_norm', 'cost_norm']",weighted_min_max,"{'couch': 'model_16', 'potted_plant': 'model_16', 'person': 'model_16', 'dog': 'model_16', 'chair': 'model_16', 'dining_table': 'model_16'}","['couch', 'potted_plant', 'person', 'dog', 'chair', 'dining_table']",0.9621844284752202,18.0,142909075.0,20.998001098632812,0.0149135185593036,2
234,( couch & potted_plant ) | ( person & dog ) | ( chair & dining_table ),DNF,"['memory_norm', 'cost_norm', 'acc_loss_norm']",greedy_MOO,"{'couch': 'model_71', 'potted_plant': 'model_71', 'person': 'model_71', 'dog': 'model_71', 'chair': 'model_71', 'dining_table': 'model_71'}","['couch', 'potted_plant', 'person', 'dog', 'chair', 'dining_table']",0.9227382065174606,86.0,135686683.0,15.960693359375,0.013188955155281595,2
235,( couch & potted_plant ) | ( person & dog ) | ( chair & dining_table ),DNF,"['memory_norm', 'acc_loss_norm', 'cost_norm']",greedy_MOO,"{'couch': 'model_71', 'potted_plant': 'model_71', 'person': 'model_71', 'dog': 'model_71', 'chair': 'model_71', 'dining_table': 'model_71'}","['couch', 'potted_plant', 'person', 'dog', 'chair', 'dining_table']",0.9227382065174606,86.0,135686683.0,17.963647842407227,0.013188955155281595,2
236,( couch & potted_plant ) | ( person & dog ) | ( chair & dining_table ),DNF,"['cost_norm', 'memory_norm', 'acc_loss_norm']",greedy_MOO,"{'couch': 'model_71', 'potted_plant': 'model_71', 'person': 'model_71', 'dog': 'model_71', 'chair': 'model_71', 'dining_table': 'model_71'}","['couch', 'potted_plant', 'person', 'dog', 'chair', 'dining_table']",0.9227382065174606,86.0,135686683.0,16.000747680664062,0.013188955155281595,2
237,( couch & potted_plant ) | ( person & dog ) | ( chair & dining_table ),DNF,"['cost_norm', 'acc_loss_norm', 'memory_norm']",greedy_MOO,"{'couch': 'model_71', 'potted_plant': 'model_71', 'person': 'model_71', 'dog': 'model_71', 'chair': 'model_71', 'dining_table': 'model_71'}","['couch', 'potted_plant', 'person', 'dog', 'chair', 'dining_table']",0.9227382065174606,86.0,135686683.0,17.00735092163086,0.013188955155281595,2
238,( couch & potted_plant ) | ( person & dog ) | ( chair & dining_table ),DNF,"['acc_loss_norm', 'cost_norm', 'memory_norm']",greedy_MOO,"{'couch': 'model_71', 'potted_plant': 'model_71', 'person': 'model_71', 'dog': 'model_71', 'chair': 'model_71', 'dining_table': 'model_71'}","['couch', 'potted_plant', 'person', 'dog', 'chair', 'dining_table']",0.9227382065174606,86.0,135686683.0,16.002178192138672,0.013188955155281595,2
239,( couch & potted_plant ) | ( person & dog ) | ( chair & dining_table ),DNF,"['acc_loss_norm', 'memory_norm', 'cost_norm']",greedy_MOO,"{'couch': 'model_71', 'potted_plant': 'model_71', 'person': 'model_71', 'dog': 'model_71', 'chair': 'model_71', 'dining_table': 'model_71'}","['couch', 'potted_plant', 'person', 'dog', 'chair', 'dining_table']",0.9227382065174606,86.0,135686683.0,16.00337028503418,0.013188955155281595,2
